3931.0	3931.0
2576.0	2576.0
868.0	868.0
1551.0	1551.0
499.0	499.0
1117.0	1117.0
4836.0	4836.0
2155.0	2155.0
498.0	498.0
4277.0	4277.0
2041.0	2041.0
1866.0	1866.0
4525.0	4525.0
3033.0	3033.0
2208.0	2208.0
4106.0	4106.0
4506.0	4506.0
492.0	492.0
2924.0	2924.0
3105.0	3105.0
1630.0	1630.0
2402.0	2402.0
4306.0	4306.0
3358.0	3358.0
519.0	519.0
303.0	303.0
3202.0	3202.0
2698.0	2698.0
2884.0	2884.0
3197.0	3197.0
52.0	52.0
4148.0	4148.0
3193.0	3193.0
2579.0	2579.0
3940.0	3940.0
183.0	183.0
816.0	816.0
2763.0	2763.0
3142.0	3142.0
1877.0	1877.0
4547.0	4547.0
4048.0	4048.0
542.0	542.0
3230.0	3230.0
2901.0	2901.0
4521.0	4521.0
186.0	186.0
1814.0	1814.0
2215.0	2215.0
1495.0	1495.0
2599.0	2599.0
527.0	527.0
2178.0	2178.0
3821.0	3821.0
1736.0	1736.0
2144.0	2144.0
5187.0	5187.0
324.0	324.0
2263.0	2263.0
5132.0	5132.0
2504.0	2504.0
3729.0	3729.0
1925.0	1925.0
3432.0	3432.0
3838.0	3838.0
2587.0	2587.0
2126.0	2126.0
766.0	766.0
780.0	780.0
3948.0	3948.0
4715.0	4715.0
537.0	537.0
4421.0	4421.0
2304.0	2304.0
2922.0	2922.0
456.0	456.0
4425.0	4425.0
3856.0	3856.0
907.0	907.0
106.0	106.0
28.0	28.0
4635.0	4635.0
3257.0	3257.0
2446.0	2446.0
1423.0	1423.0
4643.0	4643.0
723.0	723.0
4562.0	4562.0
997.0	997.0
3455.0	3455.0
319.0	319.0
4470.0	4470.0
2769.0	2769.0
1468.0	1468.0
2931.0	2931.0
3268.0	3268.0
1453.0	1453.0
739.0	739.0
1057.0	1057.0
518.0	518.0
1563.0	1563.0
5059.0	5059.0
2767.0	2767.0
872.0	872.0
5229.0	5229.0
1950.0	1950.0
2807.0	2807.0
4352.0	4352.0
1829.0	1829.0
3859.0	3859.0
4708.0	4708.0
40.0	40.0
4516.0	4516.0
3274.0	3274.0
4804.0	4804.0
5066.0	5066.0
4958.0	4958.0
2632.0	2632.0
4518.0	4518.0
4561.0	4561.0
4014.0	4014.0
3364.0	3364.0
5054.0	5054.0
1152.0	1152.0
3090.0	3090.0
2293.0	2293.0
2083.0	2083.0
4959.0	4959.0
1791.0	1791.0
4609.0	4609.0
851.0	851.0
2296.0	2296.0
3760.0	3760.0
2246.0	2246.0
4504.0	4504.0
2118.0	2118.0
127.0	127.0
3057.0	3057.0
1553.0	1553.0
4538.0	4538.0
2183.0	2183.0
2115.0	2115.0
2703.0	2703.0
2516.0	2516.0
3068.0	3068.0
546.0	546.0
843.0	843.0
1894.0	1894.0
1591.0	1591.0
1306.0	1306.0
2719.0	2719.0
2387.0	2387.0
651.0	651.0
4313.0	4313.0
222.0	222.0
842.0	842.0
2069.0	2069.0
1547.0	1547.0
2115.0	2115.0
1915.0	1915.0
3808.0	3808.0
381.0	381.0
2333.0	2333.0
160.0	160.0
3486.0	3486.0
1682.0	1682.0
3849.0	3849.0
1497.0	1497.0
2103.0	2103.0
694.0	694.0
1302.0	1302.0
3580.0	3580.0
4721.0	4721.0
362.0	362.0
3571.0	3571.0
3289.0	3289.0
2742.0	2742.0
244.0	244.0
2481.0	2481.0
3478.0	3478.0
3627.0	3627.0
254.0	254.0
74.0	74.0
4960.0	4960.0
1699.0	1699.0
5176.0	5176.0
65.0	65.0
3067.0	3067.0
994.0	994.0
4268.0	4268.0
3610.0	3610.0
541.0	541.0
1253.0	1253.0
3241.0	3241.0
3865.0	3865.0
1286.0	1286.0
2197.0	2197.0
3421.0	3421.0
2010.0	2010.0
1604.0	1604.0
1867.0	1867.0
1318.0	1318.0
1504.0	1504.0
4276.0	4276.0
509.0	509.0
5195.0	5195.0
3089.0	3089.0
1373.0	1373.0
1886.0	1886.0
2649.0	2649.0
4042.0	4042.0
4582.0	4582.0
929.0	929.0
2065.0	2065.0
3492.0	3492.0
2738.0	2738.0
3453.0	3453.0
4446.0	4446.0
1987.0	1987.0
5155.0	5155.0
2398.0	2398.0
2177.0	2177.0
4578.0	4578.0
209.0	209.0
4707.0	4707.0
2205.0	2205.0
165.0	165.0
1989.0	1989.0
4936.0	4936.0
3041.0	3041.0
3287.0	3287.0
2044.0	2044.0
763.0	763.0
161.0	161.0
237.0	237.0
2465.0	2465.0
5000.0	5000.0
2669.0	2669.0
4244.0	4244.0
2783.0	2783.0
1720.0	1720.0
1573.0	1573.0
2689.0	2689.0
483.0	483.0
2620.0	2620.0
573.0	573.0
2150.0	2150.0
2078.0	2078.0
2156.0	2156.0
3332.0	3332.0
2308.0	2308.0
3229.0	3229.0
836.0	836.0
1578.0	1578.0
5225.0	5225.0
1835.0	1835.0
176.0	176.0
1534.0	1534.0
211.0	211.0
1186.0	1186.0
3088.0	3088.0
4605.0	4605.0
2556.0	2556.0
377.0	377.0
3852.0	3852.0
1312.0	1312.0
4232.0	4232.0
279.0	279.0
5046.0	5046.0
1743.0	1743.0
2223.0	2223.0
3898.0	3898.0
3535.0	3535.0
4566.0	4566.0
4682.0	4682.0
3724.0	3724.0
1490.0	1490.0
2589.0	2589.0
2440.0	2440.0
3489.0	3489.0
2738.0	2738.0
3674.0	3674.0
2674.0	2674.0
4607.0	4607.0
2341.0	2341.0
1637.0	1637.0
2871.0	2871.0
3531.0	3531.0
5182.0	5182.0
2272.0	2272.0
5070.0	5070.0
3819.0	3819.0
2651.0	2651.0
3087.0	3087.0
1360.0	1360.0
2799.0	2799.0
190.0	190.0
4695.0	4695.0
1949.0	1949.0
3251.0	3251.0
3960.0	3960.0
4153.0	4153.0
635.0	635.0
1031.0	1031.0
5056.0	5056.0
5102.0	5102.0
5115.0	5115.0
4758.0	4758.0
2067.0	2067.0
196.0	196.0
968.0	968.0
459.0	459.0
779.0	779.0
2432.0	2432.0
3552.0	3552.0
2474.0	2474.0
4216.0	4216.0
3716.0	3716.0
4920.0	4920.0
107.0	107.0
719.0	719.0
2534.0	2534.0
108.0	108.0
4114.0	4114.0
3459.0	3459.0
1589.0	1589.0
3113.0	3113.0
1400.0	1400.0
1679.0	1679.0
5040.0	5040.0
4098.0	4098.0
1510.0	1510.0
3938.0	3938.0
1437.0	1437.0
2115.0	2115.0
4462.0	4462.0
3954.0	3954.0
3023.0	3023.0
4472.0	4472.0
389.0	389.0
4033.0	4033.0
4650.0	4650.0
2853.0	2853.0
4092.0	4092.0
960.0	960.0
2100.0	2100.0
3066.0	3066.0
4240.0	4240.0
2488.0	2488.0
3803.0	3803.0
112.0	112.0
3356.0	3356.0
36.0	36.0
1349.0	1349.0
2648.0	2648.0
3600.0	3600.0
885.0	885.0
1940.0	1940.0
3643.0	3643.0
4246.0	4246.0
3119.0	3119.0
4962.0	4962.0
3671.0	3671.0
1781.0	1781.0
3252.0	3252.0
2740.0	2740.0
4297.0	4297.0
1248.0	1248.0
1836.0	1836.0
4125.0	4125.0
3910.0	3910.0
2170.0	2170.0
2395.0	2395.0
2036.0	2036.0
1106.0	1106.0
914.0	914.0
4505.0	4505.0
3137.0	3137.0
3120.0	3120.0
4491.0	4491.0
4889.0	4889.0
3301.0	3301.0
4093.0	4093.0
2106.0	2106.0
2913.0	2913.0
4186.0	4186.0
1583.0	1583.0
2033.0	2033.0
3266.0	3266.0
4553.0	4553.0
1878.0	1878.0
4184.0	4184.0
3958.0	3958.0
2039.0	2039.0
476.0	476.0
4073.0	4073.0
1287.0	1287.0
3553.0	3553.0
4813.0	4813.0
1313.0	1313.0
1852.0	1852.0
2972.0	2972.0
1741.0	1741.0
3851.0	3851.0
581.0	581.0
1790.0	1790.0
1625.0	1625.0
4601.0	4601.0
4267.0	4267.0
3624.0	3624.0
1230.0	1230.0
3758.0	3758.0
1636.0	1636.0
2471.0	2471.0
5114.0	5114.0
2372.0	2372.0
811.0	811.0
1511.0	1511.0
970.0	970.0
838.0	838.0
3054.0	3054.0
1879.0	1879.0
2618.0	2618.0
153.0	153.0
2919.0	2919.0
2536.0	2536.0
129.0	129.0
464.0	464.0
3135.0	3135.0
4044.0	4044.0
1032.0	1032.0
1059.0	1059.0
1442.0	1442.0
1580.0	1580.0
4198.0	4198.0
1994.0	1994.0
3398.0	3398.0
764.0	764.0
1004.0	1004.0
1543.0	1543.0
3573.0	3573.0
1321.0	1321.0
3935.0	3935.0
3185.0	3185.0
3249.0	3249.0
1977.0	1977.0
2288.0	2288.0
17.0	17.0
1524.0	1524.0
4815.0	4815.0
289.0	289.0
420.0	420.0
3276.0	3276.0
3797.0	3797.0
1740.0	1740.0
902.0	902.0
4517.0	4517.0
4132.0	4132.0
1632.0	1632.0
2822.0	2822.0
2145.0	2145.0
3812.0	3812.0
4489.0	4489.0
3024.0	3024.0
861.0	861.0
1219.0	1219.0
4700.0	4700.0
3018.0	3018.0
3059.0	3059.0
4649.0	4649.0
4498.0	4498.0
616.0	616.0
3035.0	3035.0
146.0	146.0
1146.0	1146.0
4672.0	4672.0
750.0	750.0
2659.0	2659.0
4281.0	4281.0
136.0	136.0
3962.0	3962.0
1552.0	1552.0
4348.0	4348.0
1930.0	1930.0
3114.0	3114.0
4445.0	4445.0
3633.0	3633.0
3175.0	3175.0
3781.0	3781.0
5138.0	5138.0
969.0	969.0
148.0	148.0
4523.0	4523.0
1821.0	1821.0
574.0	574.0
262.0	262.0
4110.0	4110.0
2356.0	2356.0
334.0	334.0
3172.0	3172.0
210.0	210.0
226.0	226.0
2102.0	2102.0
1799.0	1799.0
1452.0	1452.0
4971.0	4971.0
3831.0	3831.0
3469.0	3469.0
3361.0	3361.0
4219.0	4219.0
2502.0	2502.0
4554.0	4554.0
198.0	198.0
1433.0	1433.0
111.0	111.0
2491.0	2491.0
3225.0	3225.0
3540.0	3540.0
716.0	716.0
590.0	590.0
4626.0	4626.0
272.0	272.0
3506.0	3506.0
4233.0	4233.0
6.0	6.0
1565.0	1565.0
602.0	602.0
1213.0	1213.0
1840.0	1840.0
3209.0	3209.0
1226.0	1226.0
4347.0	4347.0
4270.0	4270.0
4800.0	4800.0
3539.0	3539.0
3447.0	3447.0
1460.0	1460.0
3884.0	3884.0
2774.0	2774.0
2275.0	2275.0
4591.0	4591.0
3055.0	3055.0
2889.0	2889.0
2136.0	2136.0
1960.0	1960.0
1854.0	1854.0
1205.0	1205.0
664.0	664.0
2217.0	2217.0
4453.0	4453.0
1440.0	1440.0
3695.0	3695.0
242.0	242.0
4227.0	4227.0
3867.0	3867.0
4606.0	4606.0
4089.0	4089.0
2728.0	2728.0
3259.0	3259.0
88.0	88.0
4600.0	4600.0
4709.0	4709.0
2682.0	2682.0
781.0	781.0
5109.0	5109.0
792.0	792.0
2204.0	2204.0
3952.0	3952.0
1620.0	1620.0
3440.0	3440.0
3742.0	3742.0
3928.0	3928.0
1774.0	1774.0
3437.0	3437.0
4328.0	4328.0
1929.0	1929.0
4210.0	4210.0
4471.0	4471.0
4420.0	4420.0
550.0	550.0
1376.0	1376.0
49.0	49.0
4387.0	4387.0
3048.0	3048.0
1410.0	1410.0
5004.0	5004.0
5031.0	5031.0
3051.0	3051.0
1782.0	1782.0
2418.0	2418.0
4302.0	4302.0
2132.0	2132.0
3083.0	3083.0
4926.0	4926.0
3949.0	3949.0
750.0	750.0
3220.0	3220.0
3815.0	3815.0
4220.0	4220.0
4335.0	4335.0
1810.0	1810.0
2270.0	2270.0
931.0	931.0
3317.0	3317.0
468.0	468.0
4614.0	4614.0
5067.0	5067.0
4008.0	4008.0
551.0	551.0
3734.0	3734.0
1864.0	1864.0
3827.0	3827.0
4237.0	4237.0
4163.0	4163.0
2606.0	2606.0
0.0	0.0
2368.0	2368.0
3597.0	3597.0
506.0	506.0
5095.0	5095.0
3169.0	3169.0
2715.0	2715.0
681.0	681.0
4440.0	4440.0
4478.0	4478.0
4096.0	4096.0
1961.0	1961.0
4984.0	4984.0
1943.0	1943.0
4475.0	4475.0
3140.0	3140.0
2436.0	2436.0
2551.0	2551.0
365.0	365.0
4032.0	4032.0
134.0	134.0
1958.0	1958.0
2569.0	2569.0
4102.0	4102.0
2063.0	2063.0
2732.0	2732.0
4546.0	4546.0
3995.0	3995.0
5159.0	5159.0
657.0	657.0
1406.0	1406.0
1143.0	1143.0
1579.0	1579.0
1397.0	1397.0
593.0	593.0
1756.0	1756.0
2401.0	2401.0
4468.0	4468.0
3110.0	3110.0
4222.0	4222.0
1969.0	1969.0
2542.0	2542.0
1071.0	1071.0
4481.0	4481.0
5091.0	5091.0
154.0	154.0
4575.0	4575.0
2385.0	2385.0
3802.0	3802.0
2124.0	2124.0
4299.0	4299.0
442.0	442.0
2414.0	2414.0
3937.0	3937.0
1344.0	1344.0
2887.0	2887.0
776.0	776.0
3281.0	3281.0
531.0	531.0
4474.0	4474.0
2906.0	2906.0
3393.0	3393.0
967.0	967.0
375.0	375.0
3813.0	3813.0
2360.0	2360.0
3047.0	3047.0
1247.0	1247.0
979.0	979.0
4948.0	4948.0
3.0	3.0
2658.0	2658.0
2847.0	2847.0
227.0	227.0
3989.0	3989.0
398.0	398.0
4149.0	4149.0
115.0	115.0
2615.0	2615.0
1818.0	1818.0
2125.0	2125.0
1525.0	1525.0
2400.0	2400.0
5092.0	5092.0
4729.0	4729.0
4336.0	4336.0
342.0	342.0
5050.0	5050.0
4840.0	4840.0
3587.0	3587.0
2638.0	2638.0
1838.0	1838.0
4808.0	4808.0
4534.0	4534.0
761.0	761.0
4667.0	4667.0
1862.0	1862.0
935.0	935.0
3941.0	3941.0
3284.0	3284.0
1099.0	1099.0
1332.0	1332.0
4161.0	4161.0
156.0	156.0
3240.0	3240.0
3607.0	3607.0
5161.0	5161.0
170.0	170.0
3751.0	3751.0
1506.0	1506.0
1107.0	1107.0
882.0	882.0
827.0	827.0
3106.0	3106.0
5165.0	5165.0
2027.0	2027.0
4696.0	4696.0
1385.0	1385.0
2342.0	2342.0
417.0	417.0
1903.0	1903.0
4252.0	4252.0
2617.0	2617.0
4432.0	4432.0
1467.0	1467.0
9.0	9.0
2489.0	2489.0
3770.0	3770.0
2218.0	2218.0
1628.0	1628.0
3411.0	3411.0
4571.0	4571.0
4426.0	4426.0
2476.0	2476.0
2571.0	2571.0
2157.0	2157.0
3998.0	3998.0
3957.0	3957.0
4062.0	4062.0
3780.0	3780.0
24.0	24.0
917.0	917.0
695.0	695.0
1486.0	1486.0
856.0	856.0
4215.0	4215.0
2435.0	2435.0
2973.0	2973.0
75.0	75.0
3040.0	3040.0
3075.0	3075.0
998.0	998.0
4301.0	4301.0
3582.0	3582.0
3000.0	3000.0
4848.0	4848.0
4018.0	4018.0
3745.0	3745.0
1320.0	1320.0
323.0	323.0
852.0	852.0
3417.0	3417.0
3295.0	3295.0
3515.0	3515.0
4020.0	4020.0
3976.0	3976.0
2403.0	2403.0
961.0	961.0
1542.0	1542.0
4972.0	4972.0
2171.0	2171.0
1283.0	1283.0
2049.0	2049.0
656.0	656.0
1056.0	1056.0
2241.0	2241.0
4449.0	4449.0
202.0	202.0
3541.0	3541.0
3973.0	3973.0
200.0	200.0
4593.0	4593.0
3943.0	3943.0
2230.0	2230.0
4260.0	4260.0
5145.0	5145.0
2586.0	2586.0
4455.0	4455.0
344.0	344.0
2663.0	2663.0
4396.0	4396.0
439.0	439.0
1366.0	1366.0
4694.0	4694.0
3588.0	3588.0
3139.0	3139.0
4683.0	4683.0
659.0	659.0
4819.0	4819.0
4997.0	4997.0
155.0	155.0
1742.0	1742.0
4961.0	4961.0
3668.0	3668.0
1269.0	1269.0
3806.0	3806.0
2004.0	2004.0
3820.0	3820.0
1966.0	1966.0
5022.0	5022.0
219.0	219.0
3709.0	3709.0
4362.0	4362.0
51.0	51.0
3514.0	3514.0
2562.0	2562.0
2878.0	2878.0
1846.0	1846.0
2976.0	2976.0
1142.0	1142.0
4139.0	4139.0
1389.0	1389.0
422.0	422.0
1242.0	1242.0
4968.0	4968.0
2242.0	2242.0
1066.0	1066.0
713.0	713.0
1595.0	1595.0
2594.0	2594.0
2496.0	2496.0
4057.0	4057.0
2411.0	2411.0
2254.0	2254.0
5006.0	5006.0
3053.0	3053.0
25.0	25.0
5018.0	5018.0
2861.0	2861.0
4388.0	4388.0
2790.0	2790.0
2596.0	2596.0
1848.0	1848.0
2240.0	2240.0
3131.0	3131.0
164.0	164.0
4543.0	4543.0
2991.0	2991.0
3369.0	3369.0
2743.0	2743.0
3494.0	3494.0
1064.0	1064.0
2855.0	2855.0
3897.0	3897.0
4742.0	4742.0
4061.0	4061.0
4191.0	4191.0
2389.0	2389.0
1680.0	1680.0
2426.0	2426.0
406.0	406.0
1256.0	1256.0
4818.0	4818.0
3101.0	3101.0
3254.0	3254.0
243.0	243.0
1251.0	1251.0
682.0	682.0
4988.0	4988.0
163.0	163.0
1710.0	1710.0
2498.0	2498.0
804.0	804.0
2179.0	2179.0
1258.0	1258.0
3961.0	3961.0
3399.0	3399.0
311.0	311.0
5171.0	5171.0
538.0	538.0
3223.0	3223.0
1870.0	1870.0
3082.0	3082.0
3064.0	3064.0
1621.0	1621.0
2738.0	2738.0
1361.0	1361.0
268.0	268.0
3525.0	3525.0
2856.0	2856.0
1947.0	1947.0
3014.0	3014.0
4924.0	4924.0
684.0	684.0
3214.0	3214.0
5180.0	5180.0
3127.0	3127.0
1912.0	1912.0
4660.0	4660.0
4320.0	4320.0
3699.0	3699.0
4580.0	4580.0
669.0	669.0
1083.0	1083.0
4850.0	4850.0
4115.0	4115.0
3718.0	3718.0
66.0	66.0
3097.0	3097.0
1895.0	1895.0
4126.0	4126.0
2388.0	2388.0
4501.0	4501.0
2154.0	2154.0
3409.0	3409.0
1217.0	1217.0
3234.0	3234.0
47.0	47.0
3391.0	3391.0
1314.0	1314.0
2879.0	2879.0
3524.0	3524.0
3743.0	3743.0
205.0	205.0
1039.0	1039.0
1702.0	1702.0
2311.0	2311.0
2984.0	2984.0
1927.0	1927.0
2303.0	2303.0
238.0	238.0
3877.0	3877.0
5157.0	5157.0
1371.0	1371.0
356.0	356.0
944.0	944.0
1488.0	1488.0
845.0	845.0
1706.0	1706.0
3538.0	3538.0
4867.0	4867.0
3472.0	3472.0
733.0	733.0
2379.0	2379.0
2415.0	2415.0
3629.0	3629.0
1652.0	1652.0
1599.0	1599.0
4356.0	4356.0
1399.0	1399.0
347.0	347.0
2292.0	2292.0
4295.0	4295.0
2614.0	2614.0
800.0	800.0
3655.0	3655.0
2012.0	2012.0
304.0	304.0
4476.0	4476.0
2508.0	2508.0
4679.0	4679.0
4466.0	4466.0
613.0	613.0
2707.0	2707.0
5016.0	5016.0
4652.0	4652.0
5121.0	5121.0
2555.0	2555.0
4943.0	4943.0
3818.0	3818.0
1054.0	1054.0
3677.0	3677.0
1523.0	1523.0
4823.0	4823.0
4117.0	4117.0
1401.0	1401.0
234.0	234.0
2766.0	2766.0
2624.0	2624.0
2752.0	2752.0
848.0	848.0
654.0	654.0
2122.0	2122.0
2003.0	2003.0
1566.0	1566.0
5033.0	5033.0
1307.0	1307.0
484.0	484.0
1502.0	1502.0
696.0	696.0
3282.0	3282.0
3774.0	3774.0
1537.0	1537.0
2985.0	2985.0
4058.0	4058.0
388.0	388.0
2773.0	2773.0
1827.0	1827.0
2043.0	2043.0
1938.0	1938.0
4494.0	4494.0
4383.0	4383.0
171.0	171.0
3947.0	3947.0
2047.0	2047.0
1357.0	1357.0
5205.0	5205.0
2952.0	2952.0
3721.0	3721.0
2319.0	2319.0
3215.0	3215.0
4168.0	4168.0
1951.0	1951.0
4899.0	4899.0
1701.0	1701.0
2616.0	2616.0
3691.0	3691.0
4454.0	4454.0
728.0	728.0
1681.0	1681.0
2696.0	2696.0
4242.0	4242.0
2338.0	2338.0
3862.0	3862.0
832.0	832.0
359.0	359.0
1541.0	1541.0
3445.0	3445.0
712.0	712.0
4794.0	4794.0
4934.0	4934.0
3323.0	3323.0
3796.0	3796.0
3754.0	3754.0
376.0	376.0
1529.0	1529.0
1759.0	1759.0
1358.0	1358.0
2547.0	2547.0
4531.0	4531.0
540.0	540.0
3181.0	3181.0
1303.0	1303.0
724.0	724.0
1641.0	1641.0
1694.0	1694.0
528.0	528.0
754.0	754.0
1658.0	1658.0
3102.0	3102.0
4049.0	4049.0
256.0	256.0
1986.0	1986.0
1052.0	1052.0
5084.0	5084.0
3471.0	3471.0
1431.0	1431.0
3431.0	3431.0
201.0	201.0
3384.0	3384.0
4218.0	4218.0
4816.0	4816.0
1001.0	1001.0
2023.0	2023.0
2313.0	2313.0
95.0	95.0
2500.0	2500.0
4342.0	4342.0
3286.0	3286.0
366.0	366.0
1577.0	1577.0
599.0	599.0
4759.0	4759.0
390.0	390.0
2759.0	2759.0
379.0	379.0
4550.0	4550.0
1469.0	1469.0
2983.0	2983.0
2509.0	2509.0
663.0	663.0
708.0	708.0
2202.0	2202.0
2336.0	2336.0
1365.0	1365.0
2505.0	2505.0
607.0	607.0
3850.0	3850.0
1639.0	1639.0
4107.0	4107.0
298.0	298.0
1900.0	1900.0
2417.0	2417.0
4129.0	4129.0
2833.0	2833.0
4783.0	4783.0
4791.0	4791.0
2203.0	2203.0
5139.0	5139.0
3037.0	3037.0
1342.0	1342.0
457.0	457.0
1293.0	1293.0
489.0	489.0
2486.0	2486.0
4927.0	4927.0
4598.0	4598.0
4431.0	4431.0
466.0	466.0
4264.0	4264.0
4827.0	4827.0
818.0	818.0
671.0	671.0
3924.0	3924.0
1409.0	1409.0
4412.0	4412.0
4366.0	4366.0
2355.0	2355.0
2890.0	2890.0
4784.0	4784.0
3914.0	3914.0
661.0	661.0
3338.0	3338.0
2439.0	2439.0
2702.0	2702.0
2164.0	2164.0
4162.0	4162.0
3612.0	3612.0
3590.0	3590.0
1228.0	1228.0
2331.0	2331.0
327.0	327.0
2463.0	2463.0
185.0	185.0
3913.0	3913.0
714.0	714.0
2080.0	2080.0
133.0	133.0
3404.0	3404.0
137.0	137.0
4508.0	4508.0
4046.0	4046.0
4333.0	4333.0
4986.0	4986.0
4842.0	4842.0
2561.0	2561.0
1049.0	1049.0
1275.0	1275.0
309.0	309.0
3549.0	3549.0
294.0	294.0
3661.0	3661.0
1350.0	1350.0
4527.0	4527.0
3844.0	3844.0
3205.0	3205.0
180.0	180.0
263.0	263.0
2011.0	2011.0
80.0	80.0
4213.0	4213.0
4116.0	4116.0
2526.0	2526.0
1119.0	1119.0
4228.0	4228.0
2582.0	2582.0
1407.0	1407.0
416.0	416.0
4278.0	4278.0
1296.0	1296.0
3955.0	3955.0
1435.0	1435.0
1521.0	1521.0
1018.0	1018.0
5110.0	5110.0
520.0	520.0
3512.0	3512.0
1382.0	1382.0
1082.0	1082.0
3104.0	3104.0
4701.0	4701.0
4003.0	4003.0
429.0	429.0
649.0	649.0
4180.0	4180.0
3346.0	3346.0
4663.0	4663.0
2024.0	2024.0
3129.0	3129.0
469.0	469.0
2335.0	2335.0
259.0	259.0
19.0	19.0
4429.0	4429.0
1294.0	1294.0
2757.0	2757.0
4358.0	4358.0
3019.0	3019.0
4337.0	4337.0
2048.0	2048.0
4433.0	4433.0
2668.0	2668.0
1585.0	1585.0
4197.0	4197.0
3460.0	3460.0
86.0	86.0
2714.0	2714.0
3279.0	3279.0
281.0	281.0
3008.0	3008.0
300.0	300.0
4450.0	4450.0
743.0	743.0
1061.0	1061.0
1315.0	1315.0
206.0	206.0
3749.0	3749.0
4835.0	4835.0
4482.0	4482.0
4706.0	4706.0
218.0	218.0
308.0	308.0
1424.0	1424.0
3858.0	3858.0
2107.0	2107.0
5061.0	5061.0
1160.0	1160.0
1732.0	1732.0
2933.0	2933.0
4564.0	4564.0
790.0	790.0
1981.0	1981.0
3167.0	3167.0
4171.0	4171.0
3310.0	3310.0
301.0	301.0
933.0	933.0
4684.0	4684.0
3496.0	3496.0
4158.0	4158.0
3966.0	3966.0
4985.0	4985.0
414.0	414.0
4914.0	4914.0
2300.0	2300.0
2095.0	2095.0
1871.0	1871.0
434.0	434.0
3537.0	3537.0
2273.0	2273.0
192.0	192.0
4956.0	4956.0
2034.0	2034.0
1514.0	1514.0
3663.0	3663.0
2521.0	2521.0
3410.0	3410.0
433.0	433.0
5043.0	5043.0
1754.0	1754.0
400.0	400.0
4617.0	4617.0
921.0	921.0
393.0	393.0
4201.0	4201.0
5020.0	5020.0
2142.0	2142.0
4944.0	4944.0
3376.0	3376.0
2804.0	2804.0
5024.0	5024.0
676.0	676.0
1823.0	1823.0
1659.0	1659.0
1177.0	1177.0
4160.0	4160.0
1333.0	1333.0
2166.0	2166.0
4094.0	4094.0
3480.0	3480.0
2253.0	2253.0
2470.0	2470.0
4853.0	4853.0
1310.0	1310.0
4611.0	4611.0
2992.0	2992.0
3448.0	3448.0
4357.0	4357.0
477.0	477.0
4043.0	4043.0
2780.0	2780.0
2826.0	2826.0
1053.0	1053.0
2530.0	2530.0
3147.0	3147.0
1656.0	1656.0
2642.0	2642.0
2640.0	2640.0
3654.0	3654.0
3556.0	3556.0
3846.0	3846.0
2466.0	2466.0
2554.0	2554.0
1345.0	1345.0
214.0	214.0
55.0	55.0
4886.0	4886.0
4225.0	4225.0
4871.0	4871.0
3098.0	3098.0
349.0	349.0
4196.0	4196.0
4159.0	4159.0
4266.0	4266.0
4904.0	4904.0
1771.0	1771.0
2090.0	2090.0
1411.0	1411.0
500.0	500.0
5107.0	5107.0
3288.0	3288.0
4060.0	4060.0
144.0	144.0
2794.0	2794.0
4590.0	4590.0
4439.0	4439.0
523.0	523.0
2198.0	2198.0
3657.0	3657.0
1201.0	1201.0
2695.0	2695.0
5211.0	5211.0
1457.0	1457.0
4774.0	4774.0
2117.0	2117.0
2814.0	2814.0
5075.0	5075.0
2062.0	2062.0
1776.0	1776.0
2219.0	2219.0
1383.0	1383.0
452.0	452.0
4112.0	4112.0
2895.0	2895.0
1531.0	1531.0
820.0	820.0
2954.0	2954.0
4513.0	4513.0
4397.0	4397.0
4893.0	4893.0
1055.0	1055.0
2558.0	2558.0
2588.0	2588.0
2544.0	2544.0
884.0	884.0
5221.0	5221.0
1544.0	1544.0
925.0	925.0
1249.0	1249.0
421.0	421.0
2708.0	2708.0
3402.0	3402.0
3874.0	3874.0
2216.0	2216.0
2092.0	2092.0
89.0	89.0
2832.0	2832.0
4379.0	4379.0
1140.0	1140.0
4492.0	4492.0
963.0	963.0
3178.0	3178.0
5001.0	5001.0
918.0	918.0
4655.0	4655.0
982.0	982.0
1673.0	1673.0
4206.0	4206.0
4834.0	4834.0
4507.0	4507.0
3678.0	3678.0
1070.0	1070.0
1991.0	1991.0
3034.0	3034.0
4009.0	4009.0
2184.0	2184.0
2930.0	2930.0
2999.0	2999.0
3457.0	3457.0
2071.0	2071.0
1430.0	1430.0
1973.0	1973.0
5212.0	5212.0
329.0	329.0
5137.0	5137.0
4019.0	4019.0
2091.0	2091.0
1749.0	1749.0
4775.0	4775.0
3487.0	3487.0
3601.0	3601.0
2441.0	2441.0
4520.0	4520.0
2670.0	2670.0
4487.0	4487.0
130.0	130.0
2870.0	2870.0
3830.0	3830.0
3875.0	3875.0
350.0	350.0
2805.0	2805.0
1664.0	1664.0
3621.0	3621.0
4283.0	4283.0
1051.0	1051.0
1901.0	1901.0
1778.0	1778.0
5025.0	5025.0
2152.0	2152.0
3833.0	3833.0
4619.0	4619.0
3441.0	3441.0
264.0	264.0
2580.0	2580.0
2138.0	2138.0
3221.0	3221.0
2363.0	2363.0
2015.0	2015.0
3446.0	3446.0
1372.0	1372.0
1114.0	1114.0
2801.0	2801.0
3632.0	3632.0
1118.0	1118.0
2575.0	2575.0
1079.0	1079.0
1644.0	1644.0
826.0	826.0
666.0	666.0
4631.0	4631.0
203.0	203.0
1767.0	1767.0
63.0	63.0
2552.0	2552.0
552.0	552.0
4205.0	4205.0
514.0	514.0
64.0	64.0
966.0	966.0
2598.0	2598.0
2294.0	2294.0
4291.0	4291.0
354.0	354.0
643.0	643.0
3081.0	3081.0
5116.0	5116.0
4059.0	4059.0
600.0	600.0
5011.0	5011.0
2883.0	2883.0
1046.0	1046.0
4120.0	4120.0
310.0	310.0
313.0	313.0
1231.0	1231.0
4484.0	4484.0
502.0	502.0
1447.0	1447.0
3670.0	3670.0
3397.0	3397.0
396.0	396.0
3680.0	3680.0
2611.0	2611.0
5111.0	5111.0
2903.0	2903.0
307.0	307.0
3939.0	3939.0
1576.0	1576.0
2667.0	2667.0
2754.0	2754.0
2259.0	2259.0
3773.0	3773.0
3429.0	3429.0
4142.0	4142.0
117.0	117.0
558.0	558.0
4005.0	4005.0
467.0	467.0
3879.0	3879.0
4829.0	4829.0
4570.0	4570.0
2718.0	2718.0
212.0	212.0
3255.0	3255.0
549.0	549.0
3108.0	3108.0
5036.0	5036.0
3246.0	3246.0
2105.0	2105.0
2753.0	2753.0
455.0	455.0
2951.0	2951.0
71.0	71.0
3696.0	3696.0
2038.0	2038.0
1535.0	1535.0
4183.0	4183.0
1698.0	1698.0
625.0	625.0
2557.0	2557.0
246.0	246.0
3616.0	3616.0
3837.0	3837.0
213.0	213.0
1540.0	1540.0
2823.0	2823.0
3242.0	3242.0
3450.0	3450.0
1952.0	1952.0
3416.0	3416.0
1007.0	1007.0
4510.0	4510.0
491.0	491.0
3703.0	3703.0
686.0	686.0
4394.0	4394.0
4477.0	4477.0
2175.0	2175.0
2059.0	2059.0
1482.0	1482.0
4189.0	4189.0
3273.0	3273.0
660.0	660.0
1487.0	1487.0
2980.0	2980.0
4574.0	4574.0
2880.0	2880.0
598.0	598.0
3227.0	3227.0
4411.0	4411.0
224.0	224.0
1075.0	1075.0
4473.0	4473.0
3704.0	3704.0
5210.0	5210.0
5072.0	5072.0
2380.0	2380.0
4751.0	4751.0
162.0	162.0
474.0	474.0
3277.0	3277.0
4422.0	4422.0
4668.0	4668.0
426.0	426.0
97.0	97.0
911.0	911.0
630.0	630.0
3256.0	3256.0
1757.0	1757.0
2455.0	2455.0
2527.0	2527.0
1464.0	1464.0
172.0	172.0
636.0	636.0
1635.0	1635.0
3628.0	3628.0
383.0	383.0
3519.0	3519.0
3418.0	3418.0
1505.0	1505.0
1908.0	1908.0
4832.0	4832.0
1645.0	1645.0
3238.0	3238.0
1634.0	1634.0
3902.0	3902.0
3676.0	3676.0
4647.0	4647.0
3648.0	3648.0
2541.0	2541.0
5204.0	5204.0
109.0	109.0
236.0	236.0
142.0	142.0
4573.0	4573.0
404.0	404.0
4054.0	4054.0
2503.0	2503.0
2025.0	2025.0
4792.0	4792.0
3795.0	3795.0
3130.0	3130.0
1853.0	1853.0
3584.0	3584.0
3768.0	3768.0
3200.0	3200.0
2445.0	2445.0
4979.0	4979.0
2531.0	2531.0
4294.0	4294.0
4689.0	4689.0
3936.0	3936.0
3967.0	3967.0
880.0	880.0
453.0	453.0
1703.0	1703.0
5017.0	5017.0
2260.0	2260.0
3890.0	3890.0
1603.0	1603.0
942.0	942.0
4977.0	4977.0
4567.0	4567.0
3333.0	3333.0
4343.0	4343.0
5206.0	5206.0
120.0	120.0
73.0	73.0
4526.0	4526.0
4367.0	4367.0
886.0	886.0
3896.0	3896.0
2201.0	2201.0
3152.0	3152.0
1678.0	1678.0
3304.0	3304.0
2495.0	2495.0
4345.0	4345.0
751.0	751.0
1403.0	1403.0
904.0	904.0
2979.0	2979.0
431.0	431.0
83.0	83.0
4822.0	4822.0
2028.0	2028.0
1588.0	1588.0
3517.0	3517.0
2998.0	2998.0
288.0	288.0
516.0	516.0
3146.0	3146.0
4316.0	4316.0
1826.0	1826.0
4207.0	4207.0
114.0	114.0
22.0	22.0
4596.0	4596.0
5077.0	5077.0
3290.0	3290.0
2133.0	2133.0
401.0	401.0
1236.0	1236.0
3445.0	3445.0
4645.0	4645.0
4773.0	4773.0
32.0	32.0
3871.0	3871.0
4012.0	4012.0
10.0	10.0
2434.0	2434.0
923.0	923.0
1561.0	1561.0
1417.0	1417.0
231.0	231.0
1246.0	1246.0
3503.0	3503.0
3111.0	3111.0
4710.0	4710.0
4104.0	4104.0
2243.0	2243.0
4368.0	4368.0
4918.0	4918.0
3043.0	3043.0
4029.0	4029.0
2016.0	2016.0
1405.0	1405.0
4400.0	4400.0
2830.0	2830.0
891.0	891.0
2497.0	2497.0
4230.0	4230.0
4490.0	4490.0
4188.0	4188.0
3270.0	3270.0
408.0	408.0
4496.0	4496.0
974.0	974.0
91.0	91.0
4930.0	4930.0
2939.0	2939.0
2989.0	2989.0
3744.0	3744.0
3909.0	3909.0
615.0	615.0
1299.0	1299.0
4994.0	4994.0
4157.0	4157.0
3226.0	3226.0
4079.0	4079.0
4247.0	4247.0
276.0	276.0
4795.0	4795.0
1800.0	1800.0
3381.0	3381.0
5181.0	5181.0
1266.0	1266.0
2468.0	2468.0
641.0	641.0
169.0	169.0
2897.0	2897.0
2458.0	2458.0
4963.0	4963.0
3951.0	3951.0
3737.0	3737.0
3189.0	3189.0
5141.0	5141.0
54.0	54.0
1802.0	1802.0
4423.0	4423.0
4519.0	4519.0
1123.0	1123.0
5053.0	5053.0
3765.0	3765.0
926.0	926.0
1085.0	1085.0
149.0	149.0
378.0	378.0
435.0	435.0
3693.0	3693.0
515.0	515.0
2824.0	2824.0
2613.0	2613.0
2129.0	2129.0
4541.0	4541.0
1770.0	1770.0
1558.0	1558.0
380.0	380.0
617.0	617.0
4131.0	4131.0
2051.0	2051.0
4785.0	4785.0
2886.0	2886.0
563.0	563.0
3698.0	3698.0
4844.0	4844.0
683.0	683.0
3824.0	3824.0
3164.0	3164.0
534.0	534.0
730.0	730.0
4542.0	4542.0
4604.0	4604.0
4982.0	4982.0
5131.0	5131.0
4548.0	4548.0
1687.0	1687.0
5153.0	5153.0
1649.0	1649.0
223.0	223.0
4028.0	4028.0
1750.0	1750.0
1797.0	1797.0
3557.0	3557.0
2751.0	2751.0
1845.0	1845.0
1408.0	1408.0
1753.0	1753.0
2076.0	2076.0
1570.0	1570.0
3578.0	3578.0
1441.0	1441.0
2738.0	2738.0
1655.0	1655.0
3583.0	3583.0
4771.0	4771.0
4665.0	4665.0
3509.0	3509.0
4533.0	4533.0
5100.0	5100.0
2626.0	2626.0
1627.0	1627.0
479.0	479.0
1844.0	1844.0
1327.0	1327.0
4637.0	4637.0
4915.0	4915.0
150.0	150.0
3213.0	3213.0
1783.0	1783.0
1404.0	1404.0
3594.0	3594.0
4878.0	4878.0
391.0	391.0
4767.0	4767.0
857.0	857.0
1538.0	1538.0
4085.0	4085.0
318.0	318.0
4176.0	4176.0
3026.0	3026.0
855.0	855.0
3195.0	3195.0
3902.0	3902.0
4673.0	4673.0
5.0	5.0
3264.0	3264.0
4623.0	4623.0
4857.0	4857.0
3841.0	3841.0
4563.0	4563.0
482.0	482.0
4051.0	4051.0
4831.0	4831.0
2507.0	2507.0
174.0	174.0
762.0	762.0
3817.0	3817.0
195.0	195.0
2404.0	2404.0
1036.0	1036.0
199.0	199.0
3894.0	3894.0
1338.0	1338.0
1564.0	1564.0
2045.0	2045.0
893.0	893.0
1044.0	1044.0
2873.0	2873.0
4151.0	4151.0
1356.0	1356.0
321.0	321.0
2081.0	2081.0
4662.0	4662.0
4680.0	4680.0
2690.0	2690.0
3010.0	3010.0
2349.0	2349.0
2636.0	2636.0
3902.0	3902.0
4363.0	4363.0
710.0	710.0
3872.0	3872.0
2392.0	2392.0
1833.0	1833.0
1130.0	1130.0
658.0	658.0
3611.0	3611.0
333.0	333.0
207.0	207.0
266.0	266.0
3504.0	3504.0
341.0	341.0
3321.0	3321.0
4273.0	4273.0
4147.0	4147.0
4404.0	4404.0
1965.0	1965.0
3445.0	3445.0
1427.0	1427.0
4447.0	4447.0
3511.0	3511.0
4925.0	4925.0
3933.0	3933.0
4618.0	4618.0
4493.0	4493.0
4483.0	4483.0
4167.0	4167.0
3161.0	3161.0
2808.0	2808.0
4651.0	4651.0
2882.0	2882.0
4500.0	4500.0
2482.0	2482.0
4634.0	4634.0
1316.0	1316.0
3017.0	3017.0
3107.0	3107.0
1284.0	1284.0
1863.0	1863.0
2920.0	2920.0
2641.0	2641.0
2448.0	2448.0
648.0	648.0
4950.0	4950.0
4007.0	4007.0
3374.0	3374.0
4274.0	4274.0
4812.0	4812.0
1665.0	1665.0
2354.0	2354.0
3640.0	3640.0
3893.0	3893.0
825.0	825.0
3929.0	3929.0
2274.0	2274.0
193.0	193.0
4419.0	4419.0
4622.0	4622.0
3907.0	3907.0
4349.0	4349.0
3183.0	3183.0
4024.0	4024.0
4666.0	4666.0
3631.0	3631.0
3362.0	3362.0
4620.0	4620.0
3296.0	3296.0
3150.0	3150.0
2524.0	2524.0
2104.0	2104.0
395.0	395.0
3679.0	3679.0
3039.0	3039.0
3694.0	3694.0
577.0	577.0
4458.0	4458.0
1719.0	1719.0
2627.0	2627.0
2608.0	2608.0
3176.0	3176.0
3032.0	3032.0
4664.0	4664.0
2485.0	2485.0
2660.0	2660.0
508.0	508.0
394.0	394.0
2207.0	2207.0
1837.0	1837.0
2405.0	2405.0
3171.0	3171.0
61.0	61.0
3337.0	3337.0
1653.0	1653.0
471.0	471.0
637.0	637.0
4592.0	4592.0
2537.0	2537.0
5103.0	5103.0
5078.0	5078.0
2014.0	2014.0
3435.0	3435.0
283.0	283.0
409.0	409.0
629.0	629.0
3891.0	3891.0
250.0	250.0
402.0	402.0
4190.0	4190.0
118.0	118.0
1273.0	1273.0
3285.0	3285.0
2881.0	2881.0
5222.0	5222.0
2548.0	2548.0
4293.0	4293.0
4099.0	4099.0
352.0	352.0
4892.0	4892.0
2631.0	2631.0
4646.0	4646.0
3044.0	3044.0
5096.0	5096.0
2960.0	2960.0
1351.0	1351.0
535.0	535.0
3218.0	3218.0
2545.0	2545.0
258.0	258.0
4693.0	4693.0
3247.0	3247.0
2958.0	2958.0
305.0	305.0
2539.0	2539.0
465.0	465.0
1648.0	1648.0
348.0	348.0
920.0	920.0
2858.0	2858.0
592.0	592.0
62.0	62.0
745.0	745.0
4503.0	4503.0
3357.0	3357.0
386.0	386.0
1326.0	1326.0
833.0	833.0
1192.0	1192.0
614.0	614.0
299.0	299.0
357.0	357.0
4261.0	4261.0
4203.0	4203.0
2916.0	2916.0
1954.0	1954.0
2302.0	2302.0
4469.0	4469.0
2841.0	2841.0
151.0	151.0
2885.0	2885.0
2421.0	2421.0
2733.0	2733.0
4681.0	4681.0
2425.0	2425.0
215.0	215.0
2257.0	2257.0
1412.0	1412.0
871.0	871.0
2473.0	2473.0
529.0	529.0
778.0	778.0
4382.0	4382.0
253.0	253.0
611.0	611.0
4545.0	4545.0
640.0	640.0
3500.0	3500.0
1388.0	1388.0
655.0	655.0
2921.0	2921.0
3118.0	3118.0
1067.0	1067.0
4045.0	4045.0
2266.0	2266.0
665.0	665.0
4309.0	4309.0
4173.0	4173.0
2891.0	2891.0
4071.0	4071.0
4288.0	4288.0
575.0	575.0
2765.0	2765.0
4451.0	4451.0
4738.0	4738.0
5027.0	5027.0
458.0	458.0
2750.0	2750.0
2453.0	2453.0
1530.0	1530.0
3208.0	3208.0
2365.0	2365.0
864.0	864.0
3016.0	3016.0
4951.0	4951.0
2158.0	2158.0
1601.0	1601.0
4407.0	4407.0
103.0	103.0
4597.0	4597.0
2788.0	2788.0
4103.0	4103.0
5216.0	5216.0
2352.0	2352.0
3853.0	3853.0
2438.0	2438.0
4588.0	4588.0
4359.0	4359.0
2017.0	2017.0
3025.0	3025.0
4030.0	4030.0
345.0	345.0
2678.0	2678.0
249.0	249.0
3641.0	3641.0
2151.0	2151.0
4970.0	4970.0
3507.0	3507.0
4229.0	4229.0
2026.0	2026.0
4697.0	4697.0
1872.0	1872.0
1240.0	1240.0
3993.0	3993.0
1363.0	1363.0
4969.0	4969.0
4980.0	4980.0
3561.0	3561.0
2447.0	2447.0
3602.0	3602.0
270.0	270.0
1651.0	1651.0
3776.0	3776.0
1478.0	1478.0
1212.0	1212.0
1274.0	1274.0
4250.0	4250.0
3334.0	3334.0
1907.0	1907.0
191.0	191.0
3424.0	3424.0
5099.0	5099.0
3599.0	3599.0
2965.0	2965.0
3096.0	3096.0
4911.0	4911.0
3738.0	3738.0
1262.0	1262.0
1737.0	1737.0
3608.0	3608.0
2376.0	2376.0
1676.0	1676.0
3965.0	3965.0
3748.0	3748.0
1734.0	1734.0
586.0	586.0
726.0	726.0
3675.0	3675.0
1765.0	1765.0
731.0	731.0
1594.0	1594.0
3722.0	3722.0
265.0	265.0
922.0	922.0
877.0	877.0
5124.0	5124.0
4437.0	4437.0
2945.0	2945.0
2842.0	2842.0
1600.0	1600.0
2643.0	2643.0
1970.0	1970.0
3278.0	3278.0
1184.0	1184.0
1250.0	1250.0
1555.0	1555.0
897.0	897.0
4698.0	4698.0
2245.0	2245.0
3073.0	3073.0
912.0	912.0
875.0	875.0
4050.0	4050.0
4053.0	4053.0
2936.0	2936.0
4838.0	4838.0
3736.0	3736.0
1891.0	1891.0
4745.0	4745.0
1325.0	1325.0
2457.0	2457.0
898.0	898.0
1402.0	1402.0
4013.0	4013.0
5146.0	5146.0
2287.0	2287.0
4145.0	4145.0
705.0	705.0
4923.0	4923.0
1518.0	1518.0
2186.0	2186.0
1011.0	1011.0
1971.0	1971.0
1519.0	1519.0
4177.0	4177.0
2925.0	2925.0
3434.0	3434.0
3004.0	3004.0
1095.0	1095.0
2912.0	2912.0
770.0	770.0
5093.0	5093.0
1020.0	1020.0
971.0	971.0
4200.0	4200.0
1125.0	1125.0
3792.0	3792.0
5203.0	5203.0
3112.0	3112.0
4863.0	4863.0
11.0	11.0
328.0	328.0
2981.0	2981.0
1924.0	1924.0
3570.0	3570.0
3618.0	3618.0
4354.0	4354.0
2084.0	2084.0
1450.0	1450.0
3070.0	3070.0
4290.0	4290.0
2802.0	2802.0
2134.0	2134.0
2285.0	2285.0
1134.0	1134.0
4319.0	4319.0
732.0	732.0
2559.0	2559.0
2237.0	2237.0
1208.0	1208.0
1581.0	1581.0
4830.0	4830.0
924.0	924.0
3562.0	3562.0
3527.0	3527.0
2809.0	2809.0
4166.0	4166.0
1857.0	1857.0
2121.0	2121.0
1393.0	1393.0
2472.0	2472.0
849.0	849.0
2487.0	2487.0
2602.0	2602.0
1916.0	1916.0
441.0	441.0
1507.0	1507.0
1463.0	1463.0
3412.0	3412.0
878.0	878.0
4128.0	4128.0
3885.0	3885.0
2590.0	2590.0
2321.0	2321.0
3757.0	3757.0
4875.0	4875.0
773.0	773.0
727.0	727.0
1933.0	1933.0
2236.0	2236.0
1494.0	1494.0
3132.0	3132.0
2410.0	2410.0
5013.0	5013.0
3199.0	3199.0
485.0	485.0
4776.0	4776.0
3335.0	3335.0
4346.0	4346.0
2008.0	2008.0
5021.0	5021.0
2168.0	2168.0
5158.0	5158.0
3918.0	3918.0
2299.0	2299.0
4741.0	4741.0
4134.0	4134.0
3231.0	3231.0
1090.0	1090.0
2798.0	2798.0
5026.0	5026.0
2295.0	2295.0
3198.0	3198.0
143.0	143.0
1301.0	1301.0
2050.0	2050.0
2573.0	2573.0
4656.0	4656.0
3673.0	3673.0
1202.0	1202.0
181.0	181.0
1367.0	1367.0
4906.0	4906.0
363.0	363.0
1923.0	1923.0
1278.0	1278.0
3499.0	3499.0
823.0	823.0
4625.0	4625.0
1670.0	1670.0
2957.0	2957.0
3619.0	3619.0
189.0	189.0
2938.0	2938.0
634.0	634.0
3133.0	3133.0
3109.0	3109.0
1038.0	1038.0
4152.0	4152.0
3626.0	3626.0
361.0	361.0
5003.0	5003.0
1234.0	1234.0
3513.0	3513.0
4757.0	4757.0
4105.0	4105.0
