1653.0	1669.0
10826.0	12131.0
1639.0	1654.0
10283.0	11460.0
6524.0	6896.0
12139.0	13702.0
11618.0	13080.0
5423.0	5528.0
10749.0	12032.0
4827.0	4877.0
8876.0	9722.0
3424.0	3457.0
5728.0	5899.0
4388.0	4433.0
553.0	558.0
2657.0	2685.0
9304.0	10251.0
6368.0	6696.0
2841.0	2871.0
6600.0	6984.0
1976.0	1994.0
6946.0	7390.0
9194.0	10122.0
11581.0	13038.0
2843.0	2873.0
7447.0	8008.0
8457.0	9234.0
3068.0	3099.0
3056.0	3087.0
484.0	489.0
6390.0	6723.0
12032.0	13578.0
407.0	411.0
124.0	127.0
10542.0	11782.0
3722.0	3758.0
7157.0	7662.0
11242.0	12633.0
6999.0	7454.0
6307.0	6627.0
10688.0	11962.0
9449.0	10433.0
4744.0	4792.0
6749.0	7155.0
8266.0	8991.0
8506.0	9290.0
8871.0	9714.0
5003.0	5054.0
12182.0	13753.0
5852.0	6051.0
9396.0	10368.0
1276.0	1289.0
8990.0	9870.0
9659.0	10700.0
11761.0	13250.0
4137.0	4180.0
2129.0	2149.0
5353.0	5447.0
5002.0	5053.0
2818.0	2848.0
4130.0	4173.0
3916.0	3958.0
240.0	244.0
2157.0	2177.0
4564.0	4611.0
585.0	590.0
9326.0	10277.0
5859.0	6060.0
899.0	907.0
191.0	194.0
3148.0	3179.0
6672.0	7063.0
2871.0	2901.0
9590.0	10607.0
12073.0	13623.0
7933.0	8588.0
6373.0	6701.0
7402.0	7956.0
2695.0	2723.0
5892.0	6104.0
68.0	71.0
10298.0	11476.0
8174.0	8880.0
6349.0	6675.0
2882.0	2913.0
5531.0	5666.0
3057.0	3088.0
2770.0	2799.0
109.0	112.0
10699.0	11975.0
7804.0	8429.0
12352.0	13961.0
953.0	962.0
2298.0	2320.0
5773.0	5953.0
1897.0	1915.0
155.0	158.0
5578.0	5721.0
11525.0	12975.0
7991.0	8659.0
2054.0	2072.0
8513.0	9299.0
10866.0	12182.0
4067.0	4110.0
11036.0	12383.0
5450.0	5564.0
7347.0	7893.0
11781.0	13273.0
9475.0	10465.0
6215.0	6505.0
2603.0	2629.0
2834.0	2864.0
7803.0	8428.0
8417.0	9185.0
6048.0	6295.0
11904.0	13417.0
3198.0	3229.0
2352.0	2374.0
9393.0	10365.0
12151.0	13716.0
7040.0	7512.0
4166.0	4210.0
9585.0	10600.0
11341.0	12752.0
8905.0	9756.0
11265.0	12664.0
5879.0	6084.0
9945.0	11054.0
8998.0	9880.0
2441.0	2465.0
3577.0	3611.0
10152.0	11298.0
10689.0	11963.0
292.0	296.0
8485.0	9265.0
4767.0	4815.0
9344.0	10300.0
80.0	83.0
3233.0	3264.0
1480.0	1495.0
4148.0	4191.0
9829.0	10909.0
9493.0	10486.0
2775.0	2804.0
3506.0	3539.0
10009.0	11124.0
4382.0	4427.0
11181.0	12556.0
9527.0	10530.0
9747.0	10810.0
337.0	341.0
12202.0	13775.0
43.0	46.0
11812.0	13310.0
4064.0	4107.0
2327.0	2349.0
2426.0	2450.0
2229.0	2249.0
9003.0	9885.0
7252.0	7776.0
6239.0	6537.0
11843.0	13345.0
10187.0	11341.0
11301.0	12705.0
10461.0	11680.0
10554.0	11796.0
5876.0	6080.0
5174.0	5229.0
6831.0	7254.0
2431.0	2455.0
11446.0	12883.0
9383.0	10355.0
8901.0	9750.0
5969.0	6201.0
9490.0	10483.0
1551.0	1566.0
7218.0	7737.0
7305.0	7843.0
2923.0	2954.0
6977.0	7424.0
4595.0	4643.0
8010.0	8685.0
8067.0	8752.0
5462.0	5577.0
11353.0	12769.0
8197.0	8905.0
10107.0	11241.0
3002.0	3033.0
4450.0	4496.0
9083.0	9982.0
11483.0	12925.0
1896.0	1914.0
9468.0	10457.0
12328.0	13934.0
3237.0	3268.0
9755.0	10820.0
9916.0	11021.0
9035.0	9927.0
5166.0	5221.0
12325.0	13929.0
3902.0	3942.0
4713.0	4761.0
440.0	444.0
5216.0	5280.0
6940.0	7383.0
7838.0	8469.0
5583.0	5727.0
4535.0	4582.0
8641.0	9449.0
3450.0	3483.0
2482.0	2506.0
2942.0	2973.0
6570.0	6947.0
10342.0	11526.0
11376.0	12794.0
8892.0	9740.0
1935.0	1953.0
9132.0	10043.0
8411.0	9178.0
687.0	693.0
9508.0	10505.0
2185.0	2205.0
4678.0	4726.0
5535.0	5671.0
7264.0	7789.0
5929.0	6152.0
7132.0	7632.0
542.0	547.0
5280.0	5353.0
7536.0	8110.0
6124.0	6390.0
7114.0	7607.0
10548.0	11789.0
10758.0	12043.0
10690.0	11965.0
5058.0	5111.0
11615.0	13077.0
4661.0	4709.0
4546.0	4593.0
9640.0	10674.0
5537.0	5673.0
1406.0	1419.0
5141.0	5195.0
6347.0	6672.0
3774.0	3812.0
691.0	697.0
4426.0	4472.0
5335.0	5423.0
3810.0	3850.0
428.0	432.0
7880.0	8525.0
3255.0	3286.0
9888.0	10981.0
1454.0	1468.0
3608.0	3644.0
4520.0	4567.0
311.0	315.0
3978.0	4021.0
4558.0	4605.0
3635.0	3671.0
8830.0	9668.0
1435.0	1449.0
9179.0	10101.0
7686.0	8292.0
6809.0	7229.0
6245.0	6546.0
10337.0	11521.0
303.0	307.0
459.0	464.0
4180.0	4224.0
11300.0	12704.0
11077.0	12439.0
1620.0	1635.0
5038.0	5089.0
4599.0	4647.0
576.0	581.0
9763.0	10828.0
1621.0	1636.0
3216.0	3247.0
1379.0	1392.0
2495.0	2519.0
12270.0	13859.0
129.0	132.0
3783.0	3822.0
6842.0	7266.0
9915.0	11020.0
1239.0	1251.0
2778.0	2807.0
8328.0	9069.0
9251.0	10188.0
7561.0	8141.0
2058.0	2076.0
6674.0	7065.0
4756.0	4804.0
7332.0	7877.0
5853.0	6052.0
3851.0	3891.0
11794.0	13290.0
526.0	531.0
10633.0	11896.0
1805.0	1822.0
6741.0	7146.0
3395.0	3427.0
5283.0	5357.0
5035.0	5086.0
7494.0	8059.0
6394.0	6727.0
6807.0	7226.0
1683.0	1699.0
10237.0	11405.0
11529.0	12982.0
5998.0	6237.0
1404.0	1417.0
11436.0	12869.0
3271.0	3302.0
8464.0	9241.0
379.0	383.0
812.0	818.0
3504.0	3537.0
674.0	680.0
12260.0	13848.0
5157.0	5211.0
8232.0	8946.0
1320.0	1333.0
45.0	48.0
7688.0	8294.0
6064.0	6313.0
4211.0	4255.0
9790.0	10860.0
6122.0	6388.0
9104.0	10007.0
10557.0	11803.0
4571.0	4618.0
10145.0	11290.0
3180.0	3211.0
2158.0	2178.0
11018.0	12361.0
1297.0	1310.0
2868.0	2898.0
7377.0	7930.0
9258.0	10196.0
4838.0	4888.0
3972.0	4014.0
4785.0	4834.0
7722.0	8334.0
5574.0	5717.0
6412.0	6749.0
10345.0	11529.0
3729.0	3765.0
7276.0	7805.0
5979.0	6215.0
8642.0	9451.0
6910.0	7345.0
9931.0	11039.0
1856.0	1873.0
6801.0	7220.0
5051.0	5103.0
1343.0	1356.0
7515.0	8086.0
3096.0	3127.0
12177.0	13748.0
10712.0	11989.0
6566.0	6943.0
4147.0	4190.0
5180.0	5235.0
6683.0	7080.0
6921.0	7357.0
1497.0	1512.0
6115.0	6379.0
12164.0	13732.0
1011.0	1020.0
2503.0	2527.0
2688.0	2716.0
8525.0	9313.0
1600.0	1615.0
11221.0	12610.0
3819.0	3859.0
9197.0	10125.0
11748.0	13235.0
10997.0	12338.0
1673.0	1689.0
7399.0	7953.0
11579.0	13036.0
2563.0	2589.0
3924.0	3966.0
3858.0	3898.0
6479.0	6840.0
6947.0	7391.0
570.0	575.0
8135.0	8832.0
11616.0	13078.0
9339.0	10294.0
11562.0	13017.0
12244.0	13826.0
4797.0	4846.0
5694.0	5859.0
1559.0	1574.0
9663.0	10704.0
7301.0	7836.0
9647.0	10682.0
9118.0	10027.0
7470.0	8031.0
1353.0	1366.0
9789.0	10858.0
8507.0	9291.0
9892.0	10985.0
10358.0	11544.0
5776.0	5956.0
8446.0	9222.0
9043.0	9937.0
707.0	713.0
315.0	319.0
5060.0	5113.0
3391.0	3423.0
5411.0	5515.0
4628.0	4676.0
11681.0	13153.0
1565.0	1580.0
214.0	218.0
5721.0	5892.0
10692.0	11968.0
12308.0	13905.0
2848.0	2878.0
530.0	535.0
5176.0	5231.0
12062.0	13610.0
10895.0	12221.0
10114.0	11249.0
6536.0	6909.0
11700.0	13174.0
3083.0	3114.0
11614.0	13076.0
2550.0	2576.0
588.0	593.0
11255.0	12653.0
11168.0	12541.0
8935.0	9802.0
769.0	775.0
2376.0	2398.0
12279.0	13870.0
11014.0	12356.0
11119.0	12488.0
6900.0	7333.0
9401.0	10375.0
12307.0	13904.0
3166.0	3197.0
2060.0	2078.0
10357.0	11543.0
11470.0	12911.0
5532.0	5667.0
5835.0	6029.0
10189.0	11343.0
7600.0	8188.0
1496.0	1511.0
7451.0	8012.0
4566.0	4613.0
4496.0	4543.0
5209.0	5273.0
8512.0	9298.0
10028.0	11145.0
3190.0	3221.0
1471.0	1486.0
9116.0	10025.0
9223.0	10155.0
6621.0	7009.0
10627.0	11888.0
6437.0	6786.0
1631.0	1646.0
10498.0	11725.0
207.0	210.0
11777.0	13269.0
5359.0	5454.0
7750.0	8366.0
1580.0	1595.0
1304.0	1317.0
7482.0	8047.0
10415.0	11620.0
11029.0	12376.0
4411.0	4457.0
8959.0	9833.0
230.0	234.0
10103.0	11236.0
2115.0	2135.0
12265.0	13854.0
6184.0	6459.0
430.0	434.0
2859.0	2889.0
8401.0	9164.0
1134.0	1143.0
9169.0	10088.0
1191.0	1200.0
9009.0	9894.0
6244.0	6544.0
10177.0	11326.0
3385.0	3417.0
4743.0	4791.0
4233.0	4277.0
1704.0	1720.0
3951.0	3993.0
7313.0	7854.0
6280.0	6596.0
1526.0	1541.0
11940.0	13465.0
9112.0	10019.0
6029.0	6273.0
400.0	404.0
8207.0	8916.0
1738.0	1755.0
6551.0	6925.0
1666.0	1682.0
8093.0	8783.0
4947.0	4997.0
10876.0	12192.0
11655.0	13122.0
3134.0	3165.0
10133.0	11274.0
9038.0	9931.0
9133.0	10044.0
9327.0	10279.0
626.0	631.0
4077.0	4120.0
9824.0	10903.0
7183.0	7695.0
421.0	425.0
5033.0	5084.0
2536.0	2562.0
3253.0	3284.0
1569.0	1584.0
744.0	750.0
2710.0	2738.0
4473.0	4520.0
665.0	671.0
6284.0	6601.0
7562.0	8143.0
1757.0	1774.0
3338.0	3369.0
12229.0	13807.0
6628.0	7016.0
5023.0	5074.0
8416.0	9184.0
614.0	619.0
8658.0	9467.0
12031.0	13577.0
2915.0	2946.0
154.0	157.0
3483.0	3516.0
10082.0	11210.0
10878.0	12196.0
9723.0	10776.0
3105.0	3136.0
6057.0	6304.0
346.0	350.0
4786.0	4835.0
7072.0	7548.0
449.0	453.0
11598.0	13056.0
4634.0	4682.0
9113.0	10022.0
3675.0	3711.0
5123.0	5176.0
11885.0	13392.0
9798.0	10872.0
8075.0	8761.0
11099.0	12464.0
6219.0	6513.0
10887.0	12206.0
3347.0	3378.0
7998.0	8668.0
10874.0	12190.0
1986.0	2004.0
5301.0	5380.0
6139.0	6409.0
361.0	365.0
3918.0	3960.0
4726.0	4774.0
10124.0	11261.0
5223.0	5287.0
6372.0	6700.0
2957.0	2988.0
1812.0	1829.0
7620.0	8210.0
2510.0	2534.0
7560.0	8140.0
4881.0	4931.0
71.0	74.0
10003.0	11117.0
4422.0	4468.0
3763.0	3801.0
2210.0	2230.0
174.0	177.0
3325.0	3356.0
3452.0	3485.0
970.0	979.0
9477.0	10467.0
11098.0	12463.0
5824.0	6014.0
10056.0	11177.0
11008.0	12349.0
8322.0	9059.0
2385.0	2409.0
2781.0	2810.0
4203.0	4247.0
8019.0	8696.0
9574.0	10587.0
7010.0	7467.0
7545.0	8121.0
8357.0	9106.0
1940.0	1958.0
10543.0	11783.0
8031.0	8709.0
7892.0	8542.0
2429.0	2453.0
396.0	400.0
11698.0	13172.0
1918.0	1936.0
3634.0	3670.0
12063.0	13611.0
7392.0	7946.0
6063.0	6312.0
7107.0	7600.0
6942.0	7385.0
1537.0	1552.0
845.0	852.0
11041.0	12390.0
5492.0	5616.0
3794.0	3833.0
805.0	811.0
2967.0	2998.0
10608.0	11867.0
10907.0	12234.0
2720.0	2749.0
10474.0	11697.0
5203.0	5267.0
11067.0	12425.0
7903.0	8553.0
1931.0	1949.0
7970.0	8633.0
5372.0	5471.0
6126.0	6392.0
4499.0	4546.0
8143.0	8843.0
681.0	687.0
3286.0	3317.0
7705.0	8314.0
9940.0	11049.0
1719.0	1736.0
63.0	66.0
11956.0	13484.0
9770.0	10835.0
5216.0	5280.0
2143.0	2163.0
7448.0	8009.0
9341.0	10297.0
11017.0	12360.0
3881.0	3921.0
6456.0	6811.0
5576.0	5719.0
10942.0	12273.0
10844.0	12152.0
9156.0	10069.0
3346.0	3377.0
7323.0	7865.0
10501.0	11730.0
7146.0	7648.0
4761.0	4809.0
7211.0	7725.0
12299.0	13893.0
8754.0	9583.0
10927.0	12257.0
9432.0	10415.0
10492.0	11718.0
3478.0	3511.0
2530.0	2556.0
10307.0	11488.0
9748.0	10811.0
6427.0	6769.0
9410.0	10384.0
7224.0	7744.0
2027.0	2045.0
10555.0	11797.0
11980.0	13513.0
2540.0	2566.0
8566.0	9360.0
1060.0	1069.0
12171.0	13740.0
3625.0	3661.0
7851.0	8489.0
10001.0	11115.0
6730.0	7132.0
6641.0	7030.0
3140.0	3171.0
10072.0	11199.0
181.0	184.0
536.0	541.0
11671.0	13143.0
9244.0	10179.0
9901.0	11000.0
758.0	764.0
12019.0	13563.0
701.0	707.0
10464.0	11684.0
9595.0	10612.0
2412.0	2436.0
2345.0	2367.0
1363.0	1376.0
5424.0	5529.0
7891.0	8541.0
7272.0	7800.0
4690.0	4738.0
344.0	348.0
208.0	211.0
10275.0	11450.0
147.0	150.0
377.0	381.0
2255.0	2275.0
7979.0	8645.0
2674.0	2702.0
7417.0	7976.0
5195.0	5251.0
7840.0	8471.0
4524.0	4571.0
1650.0	1665.0
3598.0	3632.0
7738.0	8350.0
12267.0	13856.0
12104.0	13659.0
5596.0	5745.0
10306.0	11487.0
4877.0	4927.0
1815.0	1832.0
6483.0	6845.0
476.0	481.0
8874.0	9720.0
4952.0	5002.0
6750.0	7156.0
8239.0	8954.0
6026.0	6269.0
649.0	655.0
6995.0	7446.0
8055.0	8739.0
4408.0	4453.0
12158.0	13724.0
4398.0	4443.0
1627.0	1642.0
5747.0	5923.0
4016.0	4059.0
11665.0	13134.0
7553.0	8130.0
6507.0	6876.0
10750.0	12033.0
3367.0	3399.0
9157.0	10070.0
4698.0	4746.0
9972.0	11084.0
2847.0	2877.0
8861.0	9704.0
4300.0	4345.0
2270.0	2292.0
756.0	762.0
2221.0	2241.0
878.0	886.0
326.0	330.0
8452.0	9229.0
5607.0	5756.0
3841.0	3881.0
3835.0	3875.0
11813.0	13311.0
3806.0	3845.0
9017.0	9903.0
9337.0	10292.0
569.0	574.0
3820.0	3860.0
313.0	317.0
3537.0	3571.0
3665.0	3701.0
8951.0	9823.0
6321.0	6642.0
10845.0	12154.0
9718.0	10771.0
6772.0	7186.0
2465.0	2489.0
4249.0	4293.0
10544.0	11784.0
6806.0	7225.0
1548.0	1563.0
7543.0	8117.0
909.0	917.0
2769.0	2798.0
2020.0	2038.0
5787.0	5969.0
11426.0	12858.0
11994.0	13531.0
4821.0	4871.0
30.0	32.0
7932.0	8587.0
2845.0	2875.0
2445.0	2469.0
1723.0	1740.0
5150.0	5204.0
9012.0	9898.0
4444.0	4490.0
8776.0	9609.0
12132.0	13694.0
3077.0	3108.0
5603.0	5752.0
2779.0	2808.0
5990.0	6227.0
11475.0	12916.0
7772.0	8393.0
6445.0	6796.0
11657.0	13124.0
9470.0	10460.0
11995.0	13532.0
6620.0	7008.0
2676.0	2704.0
9898.0	10996.0
114.0	117.0
3429.0	3462.0
7627.0	8218.0
864.0	871.0
2488.0	2512.0
2531.0	2557.0
10242.0	11410.0
2976.0	3007.0
7247.0	7770.0
10567.0	11815.0
1911.0	1929.0
7225.0	7745.0
8590.0	9389.0
2500.0	2524.0
6932.0	7374.0
7574.0	8156.0
9505.0	10502.0
3853.0	3893.0
7204.0	7717.0
3850.0	3890.0
1864.0	1881.0
10197.0	11352.0
11720.0	13196.0
9948.0	11058.0
5569.0	5709.0
11115.0	12482.0
220.0	224.0
11310.0	12715.0
5104.0	5157.0
566.0	571.0
3628.0	3664.0
6022.0	6264.0
2382.0	2406.0
5086.0	5139.0
4446.0	4492.0
2757.0	2786.0
4055.0	4098.0
212.0	215.0
9053.0	9948.0
10279.0	11454.0
2806.0	2835.0
2814.0	2843.0
4888.0	4938.0
5784.0	5965.0
606.0	611.0
11787.0	13281.0
9950.0	11060.0
5373.0	5473.0
2597.0	2623.0
2692.0	2720.0
7749.0	8364.0
11773.0	13265.0
5377.0	5479.0
306.0	310.0
9352.0	10310.0
1752.0	1769.0
2199.0	2219.0
5371.0	5470.0
6224.0	6518.0
12082.0	13633.0
5896.0	6111.0
3834.0	3874.0
9333.0	10287.0
4802.0	4852.0
1563.0	1578.0
4773.0	4821.0
8618.0	9422.0
2513.0	2537.0
6916.0	7352.0
5266.0	5338.0
8816.0	9652.0
10430.0	11639.0
6883.0	7313.0
10976.0	12314.0
9474.0	10464.0
4430.0	4476.0
1876.0	1894.0
2659.0	2687.0
5971.0	6204.0
1800.0	1817.0
11945.0	13470.0
2338.0	2360.0
6275.0	6587.0
11709.0	13183.0
596.0	601.0
6165.0	6439.0
280.0	284.0
6030.0	6275.0
4076.0	4119.0
2635.0	2661.0
2533.0	2559.0
4295.0	4340.0
11025.0	12369.0
1392.0	1405.0
11420.0	12849.0
5820.0	6009.0
12020.0	13564.0
7079.0	7560.0
12341.0	13949.0
2867.0	2897.0
6153.0	6424.0
4272.0	4317.0
4604.0	4652.0
7449.0	8010.0
876.0	884.0
11065.0	12423.0
2641.0	2667.0
4598.0	4646.0
6659.0	7049.0
2562.0	2588.0
8161.0	8864.0
4086.0	4129.0
422.0	426.0
8993.0	9874.0
1382.0	1395.0
8155.0	8856.0
8780.0	9613.0
966.0	975.0
6068.0	6319.0
4193.0	4237.0
4764.0	4812.0
6046.0	6293.0
4774.0	4822.0
7173.0	7683.0
8849.0	9689.0
9347.0	10304.0
10122.0	11259.0
8989.0	9869.0
4641.0	4689.0
5661.0	5820.0
10654.0	11922.0
12378.0	13991.0
1371.0	1384.0
1998.0	2016.0
11756.0	13244.0
4913.0	4963.0
2415.0	2439.0
7905.0	8556.0
8061.0	8746.0
6485.0	6847.0
1380.0	1393.0
8923.0	9783.0
10330.0	11513.0
11001.0	12342.0
4817.0	4867.0
10336.0	11520.0
11456.0	12893.0
7989.0	8657.0
10276.0	11451.0
9921.0	11026.0
6629.0	7017.0
8853.0	9694.0
11679.0	13151.0
8568.0	9362.0
9736.0	10795.0
4271.0	4316.0
3996.0	4039.0
6049.0	6296.0
2007.0	2025.0
6716.0	7117.0
6466.0	6823.0
5564.0	5704.0
2713.0	2742.0
4735.0	4783.0
11724.0	13201.0
10439.0	11653.0
11852.0	13355.0
4376.0	4421.0
4052.0	4095.0
8759.0	9588.0
5826.0	6019.0
7209.0	7723.0
4918.0	4968.0
12249.0	13834.0
4986.0	5036.0
1506.0	1521.0
9049.0	9943.0
3518.0	3552.0
9274.0	10215.0
3752.0	3789.0
1122.0	1131.0
3595.0	3629.0
5302.0	5381.0
787.0	793.0
11431.0	12864.0
2008.0	2026.0
4481.0	4528.0
12309.0	13906.0
6580.0	6958.0
2602.0	2628.0
12359.0	13971.0
10738.0	12018.0
9953.0	11063.0
8897.0	9746.0
9593.0	10610.0
10446.0	11662.0
8444.0	9219.0
618.0	623.0
10935.0	12265.0
219.0	223.0
578.0	583.0
963.0	972.0
11165.0	12538.0
4459.0	4505.0
4128.0	4171.0
2675.0	2703.0
9389.0	10361.0
2632.0	2658.0
10095.0	11227.0
7357.0	7904.0
1424.0	1437.0
7816.0	8442.0
8124.0	8820.0
6743.0	7149.0
12212.0	13788.0
5659.0	5817.0
2289.0	2311.0
6927.0	7367.0
11963.0	13494.0
8584.0	9382.0
1331.0	1344.0
11108.0	12474.0
6273.0	6584.0
7190.0	7702.0
534.0	539.0
8365.0	9117.0
848.0	855.0
10259.0	11430.0
6189.0	6464.0
11978.0	13510.0
3174.0	3205.0
11652.0	13119.0
192.0	195.0
6959.0	7405.0
130.0	133.0
1364.0	1377.0
11808.0	13306.0
145.0	148.0
1545.0	1560.0
7108.0	7601.0
1929.0	1947.0
5254.0	5325.0
9028.0	9917.0
5561.0	5701.0
1201.0	1210.0
10829.0	12134.0
12156.0	13722.0
5494.0	5618.0
5195.0	5251.0
3816.0	3856.0
5217.0	5281.0
8533.0	9323.0
11171.0	12545.0
79.0	82.0
3152.0	3183.0
6422.0	6762.0
11609.0	13071.0
9894.0	10990.0
195.0	198.0
1634.0	1649.0
5799.0	5983.0
7643.0	8237.0
3332.0	3363.0
3731.0	3768.0
6327.0	6649.0
6345.0	6669.0
8040.0	8721.0
8257.0	8981.0
7847.0	8484.0
12316.0	13914.0
11719.0	13195.0
1788.0	1805.0
630.0	635.0
2316.0	2338.0
8451.0	9228.0
9807.0	10882.0
1967.0	1985.0
329.0	333.0
3854.0	3894.0
11230.0	12620.0
1270.0	1282.0
9080.0	9979.0
1399.0	1412.0
10428.0	11637.0
8688.0	9509.0
5782.0	5963.0
5074.0	5127.0
5649.0	5804.0
8196.0	8904.0
3604.0	3640.0
8247.0	8965.0
8307.0	9040.0
8220.0	8933.0
2683.0	2711.0
8750.0	9579.0
112.0	115.0
6720.0	7121.0
11984.0	13518.0
5941.0	6167.0
217.0	221.0
7819.0	8446.0
8795.0	9629.0
8872.0	9715.0
9778.0	10844.0
3873.0	3913.0
549.0	554.0
6819.0	7241.0
4083.0	4126.0
8556.0	9349.0
5811.0	5998.0
4706.0	4754.0
7282.0	7813.0
2122.0	2142.0
6103.0	6362.0
8974.0	9851.0
5606.0	5755.0
166.0	169.0
5502.0	5629.0
8194.0	8901.0
252.0	256.0
8120.0	8816.0
2226.0	2246.0
1638.0	1653.0
11210.0	12595.0
4403.0	4448.0
4597.0	4645.0
11452.0	12889.0
9359.0	10324.0
11182.0	12557.0
5866.0	6069.0
10167.0	11316.0
4493.0	4540.0
12302.0	13897.0
8936.0	9803.0
4924.0	4974.0
5762.0	5941.0
4806.0	4856.0
332.0	336.0
3421.0	3454.0
11680.0	13152.0
3158.0	3189.0
9708.0	10758.0
5622.0	5774.0
9856.0	10938.0
2711.0	2739.0
4104.0	4147.0
7628.0	8220.0
8939.0	9806.0
10721.0	11999.0
2739.0	2768.0
8660.0	9470.0
5075.0	5128.0
5375.0	5477.0
169.0	172.0
3259.0	3290.0
3418.0	3451.0
8193.0	8900.0
3680.0	3716.0
7439.0	8000.0
8191.0	8898.0
7997.0	8667.0
6341.0	6665.0
4657.0	4705.0
11212.0	12597.0
5485.0	5606.0
8438.0	9212.0
7649.0	8245.0
3781.0	3820.0
1603.0	1618.0
2251.0	2271.0
5758.0	5936.0
2498.0	2522.0
4875.0	4925.0
9705.0	10755.0
1313.0	1326.0
1398.0	1411.0
2629.0	2655.0
3289.0	3320.0
4072.0	4115.0
11100.0	12465.0
2151.0	2171.0
2714.0	2743.0
8305.0	9037.0
2247.0	2267.0
1215.0	1226.0
6992.0	7441.0
5167.0	5222.0
4506.0	4553.0
9388.0	10360.0
1289.0	1302.0
1747.0	1764.0
3791.0	3830.0
7715.0	8326.0
6548.0	6922.0
8098.0	8788.0
6692.0	7090.0
2746.0	2775.0
7629.0	8221.0
3309.0	3340.0
247.0	251.0
10917.0	12245.0
2203.0	2223.0
1803.0	1820.0
1110.0	1119.0
912.0	920.0
3899.0	3939.0
5643.0	5798.0
6760.0	7169.0
7518.0	8089.0
1516.0	1531.0
7047.0	7519.0
5615.0	5766.0
17.0	19.0
6344.0	6668.0
7195.0	7708.0
9472.0	10462.0
1536.0	1551.0
629.0	634.0
9895.0	10991.0
2710.0	2738.0
11391.0	12814.0
952.0	961.0
9372.0	10341.0
6333.0	6655.0
1400.0	1413.0
1339.0	1352.0
6113.0	6374.0
815.0	822.0
7535.0	8108.0
8094.0	8784.0
4679.0	4727.0
2424.0	2448.0
8346.0	9095.0
6870.0	7296.0
1612.0	1627.0
1347.0	1360.0
999.0	1008.0
1523.0	1538.0
9666.0	10707.0
5526.0	5660.0
4251.0	4295.0
7640.0	8234.0
7092.0	7578.0
12259.0	13847.0
2710.0	2738.0
1592.0	1607.0
11252.0	12650.0
2311.0	2333.0
5652.0	5810.0
8486.0	9266.0
2112.0	2132.0
3807.0	3846.0
5392.0	5494.0
3716.0	3752.0
663.0	669.0
8895.0	9743.0
2742.0	2771.0
1235.0	1247.0
12330.0	13936.0
15.0	17.0
84.0	87.0
7084.0	7567.0
3138.0	3169.0
83.0	86.0
5925.0	6147.0
4452.0	4498.0
11601.0	13060.0
5501.0	5628.0
6170.0	6444.0
6435.0	6780.0
8358.0	9107.0
9623.0	10651.0
1355.0	1368.0
4386.0	4431.0
12335.0	13941.0
602.0	607.0
1816.0	1833.0
11990.0	13527.0
10547.0	11787.0
11830.0	13330.0
1796.0	1813.0
5005.0	5056.0
5298.0	5376.0
1431.0	1445.0
2911.0	2942.0
7115.0	7608.0
6584.0	6963.0
2088.0	2106.0
5505.0	5634.0
11439.0	12872.0
1495.0	1510.0
5525.0	5657.0
3982.0	4025.0
1048.0	1057.0
7457.0	8018.0
8362.0	9112.0
3386.0	3418.0
9858.0	10941.0
9027.0	9916.0
927.0	935.0
2537.0	2563.0
8028.0	8706.0
2266.0	2288.0
5527.0	5662.0
6787.0	7203.0
10896.0	12222.0
11183.0	12559.0
6011.0	6251.0
10999.0	12340.0
6500.0	6866.0
6140.0	6410.0
6950.0	7394.0
4863.0	4913.0
12111.0	13667.0
11714.0	13190.0
10933.0	12263.0
11372.0	12790.0
11725.0	13202.0
10744.0	12027.0
8046.0	8730.0
3799.0	3838.0
9319.0	10269.0
6755.0	7161.0
5785.0	5966.0
8109.0	8802.0
6814.0	7234.0
9178.0	10100.0
4898.0	4948.0
7876.0	8520.0
5180.0	5235.0
1019.0	1028.0
10711.0	11988.0
9810.0	10885.0
1410.0	1423.0
3334.0	3365.0
857.0	864.0
765.0	771.0
5289.0	5365.0
11239.0	12630.0
6889.0	7320.0
11964.0	13495.0
8152.0	8853.0
6090.0	6349.0
955.0	964.0
10212.0	11372.0
8059.0	8744.0
9106.0	10010.0
9785.0	10854.0
3447.0	3480.0
10733.0	12012.0
11824.0	13323.0
6287.0	6605.0
1014.0	1023.0
11257.0	12655.0
9634.0	10666.0
427.0	431.0
10434.0	11643.0
6326.0	6648.0
5802.0	5987.0
10356.0	11542.0
9751.0	10815.0
259.0	263.0
9548.0	10555.0
4185.0	4229.0
6231.0	6526.0
10489.0	11714.0
11345.0	12758.0
8681.0	9499.0
2596.0	2622.0
5769.0	5949.0
2128.0	2148.0
6460.0	6816.0
6721.0	7122.0
9163.0	10078.0
5265.0	5337.0
2964.0	2995.0
3852.0	3892.0
11066.0	12424.0
11256.0	12654.0
5509.0	5639.0
7571.0	8153.0
12245.0	13827.0
622.0	627.0
3018.0	3049.0
12094.0	13648.0
11006.0	12347.0
3576.0	3610.0
10023.0	11139.0
12060.0	13608.0
3074.0	3105.0
12230.0	13808.0
386.0	390.0
3501.0	3534.0
3121.0	3152.0
9685.0	10730.0
1137.0	1146.0
4275.0	4320.0
2999.0	3030.0
11561.0	13016.0
304.0	308.0
6181.0	6456.0
89.0	92.0
2342.0	2364.0
2804.0	2833.0
10617.0	11876.0
4000.0	4043.0
6475.0	6833.0
1065.0	1074.0
7935.0	8590.0
10584.0	11837.0
7344.0	7890.0
5715.0	5882.0
365.0	369.0
19.0	21.0
6075.0	6330.0
1576.0	1591.0
10208.0	11367.0
4042.0	4085.0
10151.0	11297.0
11633.0	13096.0
2146.0	2166.0
2329.0	2351.0
3070.0	3101.0
5751.0	5927.0
7189.0	7701.0
8003.0	8675.0
8494.0	9277.0
3764.0	3802.0
11708.0	13182.0
10406.0	11608.0
2846.0	2876.0
2702.0	2730.0
12207.0	13782.0
7321.0	7863.0
9569.0	10581.0
10303.0	11484.0
9893.0	10986.0
2106.0	2126.0
5399.0	5501.0
10882.0	12201.0
957.0	966.0
3999.0	4042.0
9317.0	10267.0
6562.0	6938.0
2360.0	2382.0
2365.0	2387.0
7325.0	7868.0
11899.0	13410.0
1047.0	1056.0
8573.0	9367.0
9769.0	10834.0
4711.0	4759.0
3245.0	3276.0
1258.0	1270.0
3471.0	3504.0
4261.0	4306.0
8462.0	9239.0
11875.0	13381.0
4162.0	4206.0
11683.0	13156.0
11675.0	13147.0
724.0	730.0
3587.0	3621.0
9193.0	10121.0
3106.0	3137.0
5122.0	5175.0
9230.0	10163.0
11492.0	12937.0
4503.0	4550.0
6877.0	7306.0
288.0	292.0
10507.0	11737.0
4508.0	4555.0
7856.0	8494.0
4948.0	4998.0
3344.0	3375.0
1054.0	1063.0
8985.0	9864.0
9941.0	11050.0
6774.0	7188.0
9059.0	9955.0
11409.0	12835.0
5209.0	5273.0
1989.0	2007.0
2551.0	2577.0
2906.0	2937.0
3790.0	3829.0
1113.0	1122.0
9444.0	10428.0
10016.0	11132.0
5959.0	6191.0
1587.0	1602.0
3061.0	3092.0
4867.0	4917.0
6446.0	6797.0
8991.0	9871.0
1658.0	1674.0
7590.0	8177.0
3995.0	4038.0
3046.0	3077.0
8824.0	9661.0
1290.0	1303.0
2696.0	2724.0
6241.0	6539.0
3800.0	3839.0
7604.0	8193.0
8051.0	8735.0
11211.0	12596.0
3214.0	3245.0
8763.0	9592.0
6535.0	6908.0
360.0	364.0
11117.0	12485.0
1546.0	1561.0
9910.0	11012.0
9495.0	10489.0
3147.0	3178.0
2656.0	2684.0
142.0	145.0
162.0	165.0
837.0	844.0
7697.0	8305.0
9315.0	10265.0
1885.0	1903.0
5337.0	5425.0
9167.0	10085.0
12269.0	13858.0
4413.0	4459.0
2322.0	2344.0
9680.0	10724.0
1323.0	1336.0
2507.0	2531.0
2815.0	2844.0
4486.0	4533.0
3600.0	3634.0
2330.0	2352.0
5620.0	5772.0
10852.0	12162.0
3232.0	3263.0
7579.0	8163.0
6169.0	6443.0
6556.0	6932.0
10064.0	11186.0
6778.0	7193.0
10757.0	12042.0
4942.0	4992.0
9831.0	10911.0
4930.0	4980.0
910.0	918.0
9830.0	10910.0
1151.0	1160.0
9456.0	10441.0
9480.0	10470.0
2865.0	2895.0
3898.0	3938.0
5865.0	6068.0
3151.0	3182.0
11798.0	13294.0
5857.0	6058.0
6532.0	6904.0
9431.0	10414.0
8103.0	8795.0
8561.0	9355.0
7480.0	8045.0
5557.0	5696.0
8600.0	9402.0
1685.0	1701.0
6306.0	6626.0
3490.0	3523.0
11722.0	13199.0
8427.0	9196.0
8535.0	9325.0
12192.0	13763.0
1878.0	1896.0
6963.0	7409.0
7929.0	8584.0
5848.0	6046.0
7726.0	8338.0
5408.0	5512.0
3891.0	3931.0
11094.0	12459.0
3022.0	3053.0
10651.0	11919.0
2679.0	2707.0
10325.0	11507.0
3273.0	3304.0
11743.0	13229.0
7237.0	7758.0
2114.0	2134.0
2108.0	2128.0
973.0	982.0
300.0	304.0
11747.0	13234.0
748.0	754.0
8950.0	9822.0
1299.0	1312.0
7327.0	7871.0
324.0	328.0
7126.0	7621.0
2018.0	2036.0
3345.0	3376.0
367.0	371.0
408.0	412.0
8216.0	8928.0
3020.0	3051.0
4458.0	4504.0
9121.0	10031.0
8404.0	9167.0
1509.0	1524.0
5317.0	5399.0
4574.0	4621.0
9909.0	11011.0
2759.0	2788.0
1316.0	1329.0
8331.0	9074.0
9227.0	10160.0
5600.0	5749.0
3910.0	3952.0
1903.0	1921.0
9399.0	10371.0
647.0	653.0
8937.0	9804.0
6879.0	7308.0
8869.0	9712.0
7691.0	8297.0
12155.0	13720.0
3407.0	3440.0
11295.0	12698.0
3412.0	3445.0
9641.0	10675.0
10448.0	11665.0
5540.0	5676.0
11062.0	12418.0
3638.0	3674.0
7659.0	8256.0
1883.0	1901.0
11588.0	13045.0
9506.0	10503.0
1708.0	1724.0
11088.0	12452.0
12102.0	13657.0
38.0	40.0
8812.0	9648.0
7597.0	8184.0
10952.0	12286.0
6974.0	7421.0
11261.0	12659.0
7509.0	8079.0
3811.0	3851.0
7641.0	8235.0
771.0	777.0
8187.0	8894.0
7492.0	8057.0
12255.0	13840.0
4553.0	4600.0
2489.0	2513.0
2019.0	2037.0
3097.0	3128.0
2303.0	2325.0
8073.0	8759.0
1280.0	1293.0
8428.0	9198.0
11189.0	12568.0
6199.0	6481.0
3387.0	3419.0
7787.0	8409.0
3474.0	3507.0
10105.0	11238.0
11225.0	12615.0
4399.0	4444.0
5021.0	5072.0
8781.0	9614.0
10632.0	11895.0
4882.0	4932.0
4519.0	4566.0
7263.0	7788.0
529.0	534.0
706.0	712.0
10537.0	11775.0
3242.0	3273.0
7808.0	8433.0
779.0	785.0
11658.0	13125.0
8831.0	9669.0
1183.0	1192.0
10913.0	12241.0
12160.0	13726.0
66.0	69.0
877.0	885.0
5970.0	6203.0
5348.0	5441.0
10802.0	12101.0
1208.0	1217.0
9162.0	10077.0
10573.0	11822.0
3000.0	3031.0
9576.0	10590.0
197.0	200.0
3145.0	3176.0
7567.0	8149.0
1529.0	1544.0
4607.0	4655.0
2150.0	2170.0
8015.0	8690.0
10636.0	11901.0
11259.0	12657.0
7974.0	8637.0
5763.0	5942.0
9488.0	10481.0
2740.0	2769.0
12320.0	13919.0
7537.0	8111.0
12044.0	13590.0
3241.0	3272.0
4229.0	4273.0
9440.0	10423.0
6008.0	6248.0
8683.0	9504.0
6701.0	7100.0
264.0	268.0
6096.0	6355.0
4746.0	4794.0
9175.0	10096.0
6731.0	7133.0
4427.0	4473.0
282.0	286.0
10351.0	11536.0
2568.0	2594.0
4431.0	4477.0
4716.0	4764.0
6653.0	7043.0
1080.0	1089.0
2012.0	2030.0
7425.0	7985.0
8663.0	9473.0
10971.0	12308.0
3352.0	3384.0
1301.0	1314.0
9185.0	10110.0
9713.0	10765.0
6276.0	6588.0
9742.0	10802.0
9852.0	10933.0
2515.0	2539.0
3135.0	3166.0
8577.0	9372.0
5825.0	6015.0
2875.0	2906.0
8071.0	8757.0
3370.0	3402.0
2333.0	2355.0
6495.0	6857.0
7689.0	8295.0
3660.0	3696.0
4636.0	4684.0
6397.0	6730.0
3187.0	3218.0
6873.0	7301.0
4848.0	4898.0
8070.0	8755.0
3780.0	3819.0
3914.0	3956.0
9846.0	10927.0
8648.0	9457.0
11023.0	12367.0
1560.0	1575.0
3678.0	3714.0
4969.0	5019.0
2188.0	2208.0
6193.0	6471.0
9278.0	10221.0
826.0	833.0
10820.0	12123.0
6794.0	7210.0
5427.0	5534.0
98.0	101.0
6338.0	6661.0
7032.0	7500.0
546.0	551.0
9325.0	10276.0
5520.0	5652.0
9661.0	10702.0
6948.0	7392.0
10310.0	11491.0
1637.0	1652.0
6101.0	6360.0
7469.0	8030.0
6491.0	6853.0
5563.0	5703.0
1033.0	1042.0
11838.0	13340.0
6226.0	6520.0
2625.0	2651.0
11674.0	13146.0
6863.0	7289.0
432.0	436.0
4993.0	5043.0
6534.0	6907.0
4347.0	4392.0
2912.0	2943.0
5508.0	5638.0
1023.0	1032.0
6149.0	6419.0
5939.0	6165.0
4477.0	4524.0
1978.0	1996.0
1691.0	1707.0
8886.0	9732.0
3848.0	3888.0
7859.0	8497.0
10203.0	11360.0
8076.0	8762.0
6688.0	7085.0
270.0	274.0
1756.0	1773.0
5895.0	6110.0
11454.0	12891.0
12007.0	13547.0
3797.0	3836.0
2936.0	2967.0
1261.0	1273.0
5460.0	5575.0
6576.0	6954.0
4629.0	4677.0
1932.0	1950.0
9700.0	10749.0
2545.0	2571.0
7996.0	8665.0
2987.0	3018.0
3280.0	3311.0
8324.0	9063.0
10751.0	12034.0
5875.0	6078.0
820.0	827.0
2765.0	2794.0
9848.0	10929.0
1283.0	1296.0
757.0	763.0
3006.0	3037.0
4374.0	4419.0
11233.0	12623.0
2417.0	2441.0
3867.0	3907.0
11447.0	12884.0
7980.0	8646.0
10511.0	11743.0
9853.0	10934.0
3368.0	3400.0
6429.0	6771.0
1975.0	1993.0
6626.0	7014.0
3712.0	3748.0
10792.0	12089.0
2820.0	2850.0
182.0	185.0
190.0	193.0
2026.0	2044.0
3050.0	3081.0
913.0	921.0
8195.0	8903.0
4965.0	5015.0
11125.0	12494.0
1308.0	1321.0
9575.0	10588.0
2826.0	2856.0
3192.0	3223.0
7088.0	7573.0
9537.0	10542.0
4842.0	4892.0
6164.0	6437.0
11058.0	12413.0
6984.0	7431.0
6530.0	6902.0
6665.0	7055.0
4504.0	4551.0
12096.0	13650.0
4365.0	4410.0
4962.0	5012.0
3333.0	3364.0
10039.0	11157.0
6424.0	6765.0
8562.0	9356.0
309.0	313.0
10611.0	11870.0
9289.0	10233.0
3412.0	3445.0
10472.0	11695.0
7070.0	7546.0
319.0	323.0
11408.0	12834.0
1285.0	1298.0
8479.0	9256.0
8476.0	9253.0
4359.0	4404.0
1972.0	1990.0
285.0	289.0
2825.0	2855.0
153.0	156.0
6494.0	6856.0
9190.0	10118.0
3099.0	3130.0
11253.0	12651.0
203.0	206.0
4345.0	4390.0
8953.0	9825.0
6175.0	6449.0
3401.0	3433.0
9691.0	10736.0
7899.0	8549.0
3103.0	3134.0
12284.0	13877.0
537.0	542.0
10823.0	12126.0
4366.0	4411.0
11750.0	13238.0
8659.0	9469.0
4116.0	4159.0
7581.0	8167.0
3980.0	4023.0
4424.0	4470.0
8087.0	8777.0
4260.0	4305.0
693.0	699.0
3865.0	3905.0
10978.0	12316.0
4539.0	4586.0
10513.0	11746.0
10444.0	11660.0
7100.0	7588.0
5261.0	5333.0
8060.0	8745.0
2397.0	2421.0
1553.0	1568.0
8287.0	9014.0
6951.0	7395.0
10859.0	12173.0
3165.0	3196.0
1669.0	1685.0
11435.0	12868.0
3137.0	3168.0
7214.0	7728.0
10096.0	11228.0
1988.0	2006.0
2477.0	2501.0
3282.0	3313.0
7648.0	8244.0
8349.0	9098.0
8490.0	9270.0
4588.0	4636.0
12281.0	13873.0
4420.0	4466.0
12367.0	13980.0
10490.0	11716.0
7293.0	7826.0
8896.0	9745.0
11882.0	13388.0
6589.0	6970.0
3175.0	3206.0
4343.0	4388.0
5642.0	5797.0
1848.0	1865.0
11268.0	12667.0
3890.0	3930.0
581.0	586.0
3427.0	3460.0
2212.0	2232.0
3560.0	3594.0
10613.0	11872.0
4035.0	4078.0
6120.0	6386.0
10558.0	11804.0
992.0	1001.0
2070.0	2088.0
8487.0	9267.0
1759.0	1776.0
6799.0	7217.0
2993.0	3024.0
1966.0	1984.0
5351.0	5445.0
7342.0	7888.0
8966.0	9841.0
12018.0	13559.0
6661.0	7051.0
2468.0	2492.0
11281.0	12683.0
3278.0	3309.0
539.0	544.0
1053.0	1062.0
143.0	146.0
8047.0	8731.0
11968.0	13500.0
959.0	968.0
4455.0	4501.0
115.0	118.0
2388.0	2412.0
7827.0	8456.0
10853.0	12163.0
2373.0	2395.0
2666.0	2694.0
9263.0	10202.0
2183.0	2203.0
425.0	429.0
5670.0	5829.0
8550.0	9342.0
8042.0	8725.0
7274.0	7803.0
6313.0	6633.0
11078.0	12440.0
10588.0	11842.0
2449.0	2473.0
11070.0	12428.0
12348.0	13956.0
2068.0	2086.0
3196.0	3227.0
7271.0	7799.0
3114.0	3145.0
7773.0	8394.0
6299.0	6618.0
10388.0	11584.0
8237.0	8952.0
4498.0	4545.0
11839.0	13341.0
2616.0	2642.0
10938.0	12269.0
11485.0	12927.0
265.0	269.0
6171.0	6445.0
8088.0	8778.0
8708.0	9532.0
4210.0	4254.0
10120.0	11257.0
1741.0	1758.0
11427.0	12860.0
41.0	44.0
11428.0	12861.0
3989.0	4032.0
278.0	282.0
7757.0	8375.0
4321.0	4366.0
11218.0	12606.0
8620.0	9425.0
3468.0	3501.0
0.0	0.0
4005.0	4048.0
5666.0	5825.0
5740.0	5914.0
11034.0	12381.0
11921.0	13437.0
11832.0	13333.0
3264.0	3295.0
608.0	613.0
7431.0	7992.0
4284.0	4329.0
4153.0	4196.0
4870.0	4920.0
3690.0	3726.0
10287.0	11464.0
2577.0	2603.0
6387.0	6719.0
8789.0	9622.0
6775.0	7189.0
8741.0	9568.0
11271.0	12672.0
11800.0	13297.0
3073.0	3104.0
8954.0	9826.0
369.0	373.0
3323.0	3354.0
10753.0	12037.0
4709.0	4757.0
2738.0	2767.0
4514.0	4561.0
12379.0	13992.0
6813.0	7233.0
1664.0	1680.0
3547.0	3581.0
3775.0	3813.0
6079.0	6336.0
4234.0	4278.0
3049.0	3080.0
5862.0	6065.0
2725.0	2754.0
1025.0	1034.0
11349.0	12765.0
11575.0	13032.0
5889.0	6101.0
9662.0	10703.0
6955.0	7399.0
6509.0	6878.0
8650.0	9459.0
6027.0	6271.0
12021.0	13566.0
1889.0	1907.0
513.0	518.0
11316.0	12721.0
2155.0	2175.0
2127.0	2147.0
1686.0	1702.0
3066.0	3097.0
2893.0	2924.0
8712.0	9536.0
6540.0	6913.0
9743.0	10804.0
11472.0	12913.0
11582.0	13039.0
1345.0	1358.0
8270.0	8995.0
954.0	963.0
4616.0	4664.0
9402.0	10376.0
11126.0	12495.0
823.0	830.0
8742.0	9570.0
7504.0	8074.0
12188.0	13759.0
3657.0	3693.0
7623.0	8213.0
10252.0	11423.0
9686.0	10731.0
9839.0	10919.0
7233.0	7753.0
3776.0	3814.0
4451.0	4497.0
5447.0	5560.0
1079.0	1088.0
4154.0	4197.0
6402.0	6738.0
10816.0	12118.0
4981.0	5031.0
1057.0	1066.0
6471.0	6828.0
7896.0	8546.0
11759.0	13248.0
598.0	603.0
3540.0	3574.0
2854.0	2884.0
8844.0	9684.0
2236.0	2256.0
12125.0	13687.0
3688.0	3724.0
2592.0	2618.0
6444.0	6795.0
9696.0	10744.0
898.0	906.0
3093.0	3124.0
8571.0	9365.0
10092.0	11224.0
8029.0	8707.0
9873.0	10959.0
6783.0	7198.0
4270.0	4315.0
211.0	214.0
4707.0	4755.0
11530.0	12983.0
4528.0	4575.0
2222.0	2242.0
3757.0	3795.0
782.0	788.0
3208.0	3239.0
5656.0	5814.0
11064.0	12422.0
3330.0	3361.0
11000.0	12341.0
8919.0	9778.0
9345.0	10301.0
2710.0	2738.0
9978.0	11091.0
8631.0	9438.0
2640.0	2666.0
11790.0	13284.0
2432.0	2456.0
624.0	629.0
1959.0	1977.0
6204.0	6488.0
8981.0	9860.0
3784.0	3823.0
5841.0	6037.0
677.0	683.0
1121.0	1130.0
6967.0	7413.0
3130.0	3161.0
2621.0	2647.0
1657.0	1673.0
4525.0	4572.0
5982.0	6218.0
9612.0	10637.0
11844.0	13346.0
1089.0	1098.0
5550.0	5688.0
3895.0	3935.0
7790.0	8413.0
5004.0	5055.0
7912.0	8563.0
754.0	760.0
11870.0	13375.0
9637.0	10671.0
13.0	15.0
9099.0	10001.0
5560.0	5700.0
5212.0	5276.0
3698.0	3734.0
4440.0	4486.0
4884.0	4934.0
2216.0	2236.0
3052.0	3083.0
9097.0	9999.0
9954.0	11064.0
6512.0	6882.0
3693.0	3729.0
1820.0	1837.0
90.0	93.0
4651.0	4699.0
10255.0	11426.0
5360.0	5457.0
7863.0	8503.0
9032.0	9923.0
8323.0	9062.0
6161.0	6434.0
6052.0	6299.0
2899.0	2930.0
2260.0	2282.0
7076.0	7554.0
6192.0	6470.0
6003.0	6242.0
11660.0	13128.0
3562.0	3596.0
9360.0	10325.0
6899.0	7332.0
4972.0	5022.0
10842.0	12150.0
1964.0	1982.0
10036.0	11153.0
5872.0	6075.0
7908.0	8559.0
3378.0	3410.0
4816.0	4866.0
829.0	836.0
10981.0	12320.0
8236.0	8951.0
5308.0	5387.0
7299.0	7833.0
10505.0	11735.0
8767.0	9598.0
7884.0	8530.0
3975.0	4018.0
7936.0	8591.0
3538.0	3572.0
4495.0	4542.0
6302.0	6622.0
6903.0	7336.0
635.0	641.0
5567.0	5707.0
759.0	765.0
620.0	625.0
12069.0	13619.0
1040.0	1049.0
10541.0	11781.0
231.0	235.0
9330.0	10284.0
9802.0	10876.0
2885.0	2916.0
3962.0	4004.0
9282.0	10226.0
1155.0	1164.0
3928.0	3970.0
376.0	380.0
10404.0	11605.0
12228.0	13806.0
10261.0	11434.0
11322.0	12728.0
6007.0	6247.0
784.0	790.0
218.0	222.0
1944.0	1962.0
2876.0	2907.0
4608.0	4656.0
3701.0	3737.0
1955.0	1973.0
4416.0	4462.0
6882.0	7312.0
8230.0	8944.0
7023.0	7487.0
4576.0	4623.0
10405.0	11606.0
4441.0	4487.0
11263.0	12661.0
5516.0	5647.0
8315.0	9051.0
5395.0	5497.0
1305.0	1318.0
213.0	216.0
10500.0	11729.0
2401.0	2425.0
3912.0	3954.0
1420.0	1433.0
8705.0	9528.0
835.0	842.0
2353.0	2375.0
5771.0	5951.0
4579.0	4627.0
6845.0	7269.0
356.0	360.0
7446.0	8007.0
12368.0	13981.0
10629.0	11890.0
10378.0	11572.0
1075.0	1084.0
5205.0	5269.0
2288.0	2310.0
8724.0	9549.0
10090.0	11219.0
8271.0	8996.0
5510.0	5640.0
3844.0	3884.0
185.0	188.0
3648.0	3684.0
293.0	297.0
4656.0	4704.0
1717.0	1734.0
10990.0	12330.0
9093.0	9994.0
3828.0	3868.0
10099.0	11231.0
7407.0	7963.0
10280.0	11455.0
9800.0	10874.0
710.0	716.0
6830.0	7252.0
3467.0	3500.0
11039.0	12388.0
8414.0	9182.0
8347.0	9096.0
1192.0	1201.0
2879.0	2910.0
2126.0	2146.0
7951.0	8610.0
4625.0	4673.0
2211.0	2231.0
3632.0	3668.0
12205.0	13779.0
23.0	25.0
3862.0	3902.0
6599.0	6983.0
4803.0	4853.0
4253.0	4297.0
6871.0	7297.0
4509.0	4556.0
2252.0	2272.0
10414.0	11619.0
8605.0	9407.0
7083.0	7566.0
2627.0	2653.0
6138.0	6407.0
11848.0	13350.0
358.0	362.0
5913.0	6133.0
2130.0	2150.0
2981.0	3012.0
5972.0	6205.0
10626.0	11887.0
7554.0	8131.0
9876.0	10962.0
6221.0	6515.0
2197.0	2217.0
11343.0	12755.0
5281.0	5354.0
9985.0	11099.0
5456.0	5570.0
7930.0	8585.0
6922.0	7358.0
4160.0	4204.0
7673.0	8275.0
3366.0	3398.0
3373.0	3405.0
11788.0	13282.0
5043.0	5095.0
1694.0	1710.0
294.0	298.0
12167.0	13735.0
8157.0	8859.0
10254.0	11425.0
2455.0	2479.0
4029.0	4072.0
11184.0	12562.0
985.0	994.0
8723.0	9548.0
4239.0	4283.0
7015.0	7472.0
11458.0	12895.0
5517.0	5648.0
382.0	386.0
7174.0	7684.0
7549.0	8126.0
7450.0	8011.0
7556.0	8134.0
341.0	345.0
11323.0	12729.0
10851.0	12161.0
4061.0	4104.0
1514.0	1529.0
1237.0	1249.0
8758.0	9587.0
8677.0	9493.0
9738.0	10797.0
5754.0	5932.0
5111.0	5164.0
4015.0	4058.0
632.0	637.0
12064.0	13612.0
8736.0	9562.0
6242.0	6541.0
6911.0	7346.0
2673.0	2701.0
9203.0	10132.0
9343.0	10299.0
4463.0	4509.0
10837.0	12144.0
6277.0	6590.0
4691.0	4739.0
10681.0	11954.0
9173.0	10094.0
6639.0	7028.0
7521.0	8092.0
4538.0	4585.0
4436.0	4482.0
4469.0	4516.0
183.0	186.0
9638.0	10672.0
1668.0	1684.0
2055.0	2073.0
3308.0	3339.0
86.0	89.0
2428.0	2452.0
11414.0	12841.0
11653.0	13120.0
8829.0	9667.0
9237.0	10171.0
7699.0	8307.0
9784.0	10853.0
7795.0	8418.0
410.0	414.0
172.0	175.0
2180.0	2200.0
5190.0	5245.0
5034.0	5085.0
10781.0	12077.0
10992.0	12332.0
2402.0	2426.0
9239.0	10173.0
5406.0	5510.0
11909.0	13424.0
10531.0	11769.0
7405.0	7961.0
6710.0	7111.0
406.0	410.0
6292.0	6610.0
7359.0	7906.0
4645.0	4693.0
399.0	403.0
1724.0	1741.0
4612.0	4660.0
6137.0	6405.0
7093.0	7579.0
9334.0	10289.0
4779.0	4828.0
2434.0	2458.0
4215.0	4259.0
9531.0	10535.0
10791.0	12088.0
10778.0	12074.0
8900.0	9749.0
3727.0	3763.0
258.0	262.0
1887.0	1905.0
1927.0	1945.0
5070.0	5123.0
267.0	271.0
11584.0	13041.0
7074.0	7551.0
1773.0	1790.0
4030.0	4073.0
3524.0	3558.0
7212.0	7726.0
3730.0	3767.0
4569.0	4616.0
11612.0	13074.0
989.0	998.0
9939.0	11048.0
7909.0	8560.0
4437.0	4483.0
7889.0	8539.0
4671.0	4719.0
9622.0	10650.0
4637.0	4685.0
8529.0	9319.0
11998.0	13536.0
2793.0	2822.0
11718.0	13194.0
10931.0	12261.0
7278.0	7807.0
10411.0	11616.0
12098.0	13652.0
5541.0	5677.0
10585.0	11838.0
4385.0	4430.0
8341.0	9088.0
5559.0	5699.0
7150.0	7654.0
3329.0	3360.0
2414.0	2438.0
2300.0	2322.0
2769.0	2798.0
11495.0	12940.0
4048.0	4091.0
8007.0	8681.0
4092.0	4135.0
3062.0	3093.0
3920.0	3962.0
9483.0	10475.0
6136.0	6404.0
3992.0	4035.0
3792.0	3831.0
8302.0	9034.0
11254.0	12652.0
5960.0	6192.0
10155.0	11302.0
9679.0	10723.0
7754.0	8371.0
4111.0	4154.0
8483.0	9262.0
6935.0	7377.0
8166.0	8870.0
2992.0	3023.0
9257.0	10195.0
2378.0	2400.0
3733.0	3770.0
4.0	5.0
5789.0	5972.0
6638.0	7026.0
3813.0	3853.0
8616.0	9420.0
12257.0	13845.0
9992.0	11106.0
3582.0	3616.0
7153.0	7658.0
5792.0	5976.0
392.0	396.0
541.0	546.0
2754.0	2783.0
8644.0	9453.0
1005.0	1014.0
7568.0	8150.0
7519.0	8090.0
3900.0	3940.0
7791.0	8414.0
4449.0	4495.0
6687.0	7084.0
10433.0	11642.0
1682.0	1698.0
6044.0	6290.0
11141.0	12511.0
3970.0	4012.0
6538.0	6911.0
7740.0	8352.0
11991.0	13528.0
4583.0	4631.0
2177.0	2197.0
1849.0	1866.0
10658.0	11927.0
9403.0	10377.0
5850.0	6049.0
11367.0	12783.0
1688.0	1704.0
1574.0	1589.0
1922.0	1940.0
3758.0	3796.0
7140.0	7641.0
385.0	389.0
4099.0	4142.0
3862.0	3902.0
2900.0	2931.0
10729.0	12007.0
10158.0	11307.0
8470.0	9247.0
2549.0	2575.0
6091.0	6350.0
4938.0	4988.0
7198.0	7711.0
2810.0	2839.0
5078.0	5131.0
8653.0	9462.0
8477.0	9254.0
11109.0	12475.0
8922.0	9782.0
9424.0	10401.0
2682.0	2710.0
417.0	421.0
5686.0	5848.0
12016.0	13557.0
579.0	584.0
9040.0	9934.0
11264.0	12662.0
3889.0	3929.0
3589.0	3623.0
1204.0	1213.0
7363.0	7913.0
11983.0	13517.0
2422.0	2446.0
7498.0	8068.0
6796.0	7212.0
10908.0	12235.0
6763.0	7173.0
11432.0	12865.0
9357.0	10322.0
4442.0	4488.0
10207.0	11366.0
5322.0	5406.0
5653.0	5811.0
2411.0	2435.0
532.0	537.0
10263.0	11436.0
2144.0	2164.0
11930.0	13451.0
5870.0	6073.0
7665.0	8262.0
4772.0	4820.0
1789.0	1806.0
4937.0	4987.0
3658.0	3694.0
3342.0	3373.0
5996.0	6234.0
8530.0	9320.0
3911.0	3953.0
3778.0	3817.0
6039.0	6285.0
7569.0	8151.0
841.0	848.0
4277.0	4322.0
7733.0	8345.0
1947.0	1965.0
7969.0	8632.0
2085.0	2103.0
314.0	318.0
3487.0	3520.0
4605.0	4653.0
1936.0	1954.0
1360.0	1373.0
9216.0	10147.0
1168.0	1177.0
6573.0	6951.0
3125.0	3156.0
4184.0	4228.0
9821.0	10900.0
12166.0	13734.0
9397.0	10369.0
11395.0	12819.0
8503.0	9286.0
1009.0	1018.0
5954.0	6184.0
11479.0	12920.0
454.0	459.0
5030.0	5081.0
8730.0	9556.0
8779.0	9612.0
10909.0	12236.0
8049.0	8733.0
10202.0	11359.0
257.0	261.0
4573.0	4620.0
3965.0	4007.0
1761.0	1778.0
5171.0	5226.0
349.0	353.0
6622.0	7010.0
4649.0	4697.0
6591.0	6972.0
7532.0	8104.0
3802.0	3841.0
8676.0	9492.0
8854.0	9696.0
3357.0	3389.0
8913.0	9767.0
1230.0	1242.0
6198.0	6480.0
9141.0	10052.0
2182.0	2202.0
7202.0	7715.0
4500.0	4547.0
1732.0	1749.0
7531.0	8103.0
1692.0	1708.0
274.0	278.0
1678.0	1694.0
8559.0	9353.0
11512.0	12958.0
7309.0	7849.0
2668.0	2696.0
283.0	287.0
3034.0	3065.0
987.0	996.0
3906.0	3946.0
7712.0	8322.0
4317.0	4362.0
5764.0	5943.0
4615.0	4663.0
6673.0	7064.0
11251.0	12649.0
503.0	508.0
11503.0	12949.0
2274.0	2296.0
9750.0	10813.0
11096.0	12461.0
6112.0	6373.0
858.0	865.0
2246.0	2266.0
1481.0	1496.0
11033.0	12380.0
2125.0	2145.0
11123.0	12492.0
5801.0	5986.0
2813.0	2842.0
242.0	246.0
2370.0	2392.0
2326.0	2348.0
4264.0	4309.0
276.0	280.0
8528.0	9317.0
5241.0	5306.0
12356.0	13967.0
7653.0	8249.0
10847.0	12156.0
5828.0	6021.0
1515.0	1530.0
8526.0	9315.0
2589.0	2615.0
6203.0	6487.0
11166.0	12539.0
11021.0	12364.0
10562.0	11810.0
11627.0	13090.0
5887.0	6098.0
7378.0	7931.0
5438.0	5548.0
323.0	327.0
10225.0	11390.0
12136.0	13699.0
4505.0	4552.0
6579.0	6957.0
7220.0	7740.0
9513.0	10512.0
2009.0	2027.0
11703.0	13177.0
5507.0	5637.0
4673.0	4721.0
6608.0	6993.0
7742.0	8354.0
8747.0	9575.0
6473.0	6830.0
7242.0	7764.0
8277.0	9002.0
4601.0	4649.0
3231.0	3262.0
6647.0	7037.0
11133.0	12502.0
5229.0	5293.0
5270.0	5342.0
11960.0	13489.0
9917.0	11022.0
4614.0	4662.0
3067.0	3098.0
8231.0	8945.0
7877.0	8521.0
302.0	306.0
11507.0	12953.0
4168.0	4212.0
6581.0	6959.0
2023.0	2041.0
5290.0	5366.0
8052.0	8736.0
415.0	419.0
11403.0	12828.0
8050.0	8734.0
8706.0	9530.0
3011.0	3042.0
11543.0	12997.0
5556.0	5695.0
1807.0	1824.0
10485.0	11709.0
3893.0	3933.0
6151.0	6422.0
4110.0	4153.0
8964.0	9839.0
3176.0	3207.0
1412.0	1425.0
8233.0	8947.0
11923.0	13439.0
8606.0	9408.0
10916.0	12244.0
10240.0	11408.0
977.0	986.0
11285.0	12687.0
4894.0	4944.0
10424.0	11633.0
4501.0	4548.0
8252.0	8972.0
8531.0	9321.0
9928.0	11034.0
9414.0	10389.0
4766.0	4814.0
10919.0	12248.0
10872.0	12188.0
2960.0	2991.0
3772.0	3810.0
3575.0	3609.0
3984.0	4027.0
139.0	142.0
11524.0	12974.0
7422.0	7982.0
1910.0	1928.0
1036.0	1045.0
6930.0	7372.0
7089.0	7574.0
6082.0	6339.0
4169.0	4213.0
7900.0	8550.0
8139.0	8839.0
2751.0	2780.0
12254.0	13839.0
1617.0	1632.0
10339.0	11523.0
3277.0	3308.0
3864.0	3904.0
6843.0	7267.0
2587.0	2613.0
1056.0	1065.0
450.0	455.0
3032.0	3063.0
67.0	70.0
10049.0	11170.0
3857.0	3897.0
10387.0	11583.0
8038.0	8719.0
3156.0	3187.0
2407.0	2431.0
1854.0	1871.0
9591.0	10608.0
10054.0	11175.0
10111.0	11246.0
2803.0	2832.0
8330.0	9072.0
5483.0	5604.0
3641.0	3677.0
10710.0	11987.0
11896.0	13405.0
10089.0	11218.0
1092.0	1101.0
11352.0	12768.0
1105.0	1114.0
1061.0	1070.0
12144.0	13708.0
11386.0	12808.0
9604.0	10625.0
3009.0	3040.0
7638.0	8232.0
8348.0	9097.0
12318.0	13917.0
6605.0	6990.0
8090.0	8780.0
6488.0	6850.0
6380.0	6710.0
171.0	174.0
680.0	686.0
2920.0	2951.0
4362.0	4407.0
9191.0	10119.0
2615.0	2641.0
4621.0	4669.0
4540.0	4587.0
6484.0	6846.0
10991.0	12331.0
3544.0	3578.0
3111.0	3142.0
498.0	503.0
1934.0	1952.0
8527.0	9316.0
4222.0	4266.0
7464.0	8025.0
9421.0	10397.0
2600.0	2626.0
9698.0	10746.0
9286.0	10230.0
1159.0	1168.0
4338.0	4383.0
273.0	277.0
12286.0	13879.0
11192.0	12572.0
8934.0	9800.0
7594.0	8181.0
3573.0	3607.0
6119.0	6384.0
1311.0	1324.0
7731.0	8343.0
9816.0	10895.0
3863.0	3903.0
9448.0	10432.0
6268.0	6578.0
11545.0	13000.0
3843.0	3883.0
6108.0	6367.0
8044.0	8728.0
2237.0	2257.0
11081.0	12443.0
2448.0	2472.0
8652.0	9461.0
7753.0	8370.0
1619.0	1634.0
8380.0	9137.0
11385.0	12807.0
2783.0	2812.0
2736.0	2765.0
9222.0	10154.0
10676.0	11948.0
3615.0	3651.0
1847.0	1864.0
1555.0	1570.0
5271.0	5343.0
11086.0	12449.0
12375.0	13988.0
10086.0	11215.0
8836.0	9674.0
8551.0	9343.0
1409.0	1422.0
1354.0	1367.0
141.0	144.0
1938.0	1956.0
10943.0	12274.0
5186.0	5241.0
712.0	718.0
1783.0	1800.0
12133.0	13695.0
9994.0	11108.0
11303.0	12707.0
8474.0	9251.0
7527.0	8099.0
93.0	96.0
4617.0	4665.0
11604.0	13063.0
3529.0	3563.0
11659.0	13127.0
6522.0	6894.0
2172.0	2192.0
11568.0	13023.0
10262.0	11435.0
10286.0	11463.0
11544.0	12998.0
2863.0	2893.0
4562.0	4609.0
1483.0	1498.0
5724.0	5895.0
12176.0	13746.0
7622.0	8212.0
1630.0	1645.0
5234.0	5298.0
5745.0	5920.0
11214.0	12600.0
2010.0	2028.0
10870.0	12186.0
7155.0	7660.0
4920.0	4970.0
8958.0	9832.0
9735.0	10790.0
4004.0	4047.0
591.0	596.0
10875.0	12191.0
9018.0	9904.0
10925.0	12255.0
8973.0	9850.0
10667.0	11937.0
2831.0	2861.0
2061.0	2079.0
10038.0	11156.0
10022.0	11138.0
8489.0	9269.0
2908.0	2939.0
9272.0	10213.0
4323.0	4368.0
3923.0	3965.0
1776.0	1793.0
8882.0	9728.0
8894.0	9742.0
7939.0	8595.0
3990.0	4033.0
4470.0	4517.0
2014.0	2032.0
3290.0	3321.0
1042.0	1051.0
11780.0	13272.0
4971.0	5021.0
3263.0	3294.0
7104.0	7596.0
5341.0	5429.0
6697.0	7095.0
5183.0	5238.0
1475.0	1490.0
8698.0	9519.0
7005.0	7462.0
9589.0	10606.0
2475.0	2499.0
6523.0	6895.0
2452.0	2476.0
8180.0	8886.0
11869.0	13374.0
1385.0	1398.0
5894.0	6108.0
6236.0	6533.0
2573.0	2599.0
2479.0	2503.0
5275.0	5347.0
11204.0	12588.0
11131.0	12500.0
4017.0	4060.0
10353.0	11538.0
11118.0	12486.0
702.0	708.0
11113.0	12480.0
9930.0	11038.0
6246.0	6547.0
1473.0	1488.0
335.0	339.0
2346.0	2368.0
5822.0	6011.0
7138.0	7638.0
1348.0	1361.0
5421.0	5526.0
4049.0	4092.0
1733.0	1750.0
8053.0	8737.0
6905.0	7338.0
2374.0	2396.0
1963.0	1981.0
6954.0	7398.0
8752.0	9581.0
10994.0	12335.0
4187.0	4231.0
2701.0	2729.0
9434.0	10417.0
8386.0	9146.0
10552.0	11793.0
652.0	658.0
1909.0	1927.0
7741.0	8353.0
1002.0	1011.0
5463.0	5578.0
1477.0	1492.0
4460.0	4506.0
2103.0	2122.0
4303.0	4348.0
4021.0	4064.0
3930.0	3972.0
5292.0	5368.0
3488.0	3521.0
10865.0	12181.0
7584.0	8170.0
442.0	446.0
4914.0	4964.0
9052.0	9947.0
10587.0	11841.0
2580.0	2606.0
364.0	368.0
9137.0	10048.0
10578.0	11829.0
10313.0	11494.0
5671.0	5830.0
2372.0	2394.0
51.0	54.0
1050.0	1059.0
2553.0	2579.0
10377.0	11571.0
8651.0	9460.0
4127.0	4170.0
7634.0	8228.0
3224.0	3255.0
4633.0	4681.0
1571.0	1586.0
7798.0	8422.0
723.0	729.0
1687.0	1703.0
9678.0	10721.0
5602.0	5751.0
4892.0	4942.0
10081.0	11209.0
2586.0	2612.0
3579.0	3613.0
11533.0	12986.0
11595.0	13053.0
10663.0	11933.0
11243.0	12634.0
403.0	407.0
9907.0	11009.0
7946.0	8603.0
8376.0	9131.0
6818.0	7240.0
9739.0	10798.0
4760.0	4808.0
12345.0	13953.0
2223.0	2243.0
10367.0	11557.0
2339.0	2361.0
8227.0	8941.0
7059.0	7531.0
7039.0	7510.0
8623.0	9428.0
9543.0	10549.0
5204.0	5268.0
9489.0	10482.0
2644.0	2670.0
6914.0	7349.0
770.0	776.0
3426.0	3459.0
4688.0	4736.0
5545.0	5681.0
7334.0	7879.0
4517.0	4564.0
4405.0	4450.0
9783.0	10851.0
6.0	7.0
4297.0	4342.0
10702.0	11979.0
10726.0	12004.0
6489.0	6851.0
3055.0	3086.0
4400.0	4445.0
1852.0	1869.0
5216.0	5280.0
4145.0	4188.0
8409.0	9173.0
9391.0	10363.0
10223.0	11388.0
844.0	851.0
9466.0	10455.0
11936.0	13459.0
11527.0	12979.0
3408.0	3441.0
10607.0	11866.0
1340.0	1353.0
9721.0	10774.0
1950.0	1968.0
6542.0	6915.0
10953.0	12287.0
6237.0	6535.0
4922.0	4972.0
6403.0	6739.0
12278.0	13869.0
6159.0	6432.0
11440.0	12873.0
4219.0	4263.0
645.0	651.0
2903.0	2934.0
5264.0	5336.0
5726.0	5897.0
5368.0	5465.0
8948.0	9819.0
6247.0	6548.0
3539.0	3573.0
2544.0	2570.0
10970.0	12307.0
5675.0	5835.0
2895.0	2926.0
10201.0	11356.0
2873.0	2903.0
2484.0	2508.0
6035.0	6281.0
3043.0	3074.0
3926.0	3968.0
5287.0	5362.0
6557.0	6933.0
11599.0	13057.0
11072.0	12431.0
8962.0	9836.0
137.0	140.0
2552.0	2578.0
8649.0	9458.0
4932.0	4982.0
8176.0	8882.0
3119.0	3150.0
903.0	911.0
7270.0	7798.0
8251.0	8970.0
7147.0	7650.0
2437.0	2461.0
9290.0	10234.0
10950.0	12284.0
4218.0	4262.0
6351.0	6677.0
4801.0	4851.0
9808.0	10883.0
1244.0	1256.0
466.0	471.0
3336.0	3367.0
7832.0	8461.0
78.0	81.0
3472.0	3505.0
785.0	791.0
11348.0	12762.0
8657.0	9466.0
10104.0	11237.0
11290.0	12692.0
8249.0	8968.0
7506.0	8076.0
10647.0	11915.0
11045.0	12397.0
4051.0	4094.0
284.0	288.0
5448.0	5561.0
3715.0	3751.0
4252.0	4296.0
9935.0	11043.0
6867.0	7293.0
25.0	27.0
5084.0	5137.0
9267.0	10206.0
6607.0	6992.0
8983.0	9862.0
4036.0	4079.0
11090.0	12454.0
1482.0	1497.0
1358.0	1371.0
6693.0	7091.0
4667.0	4715.0
1951.0	1969.0
6802.0	7221.0
12231.0	13809.0
1779.0	1796.0
9998.0	11112.0
10995.0	12336.0
10305.0	11486.0
11895.0	13404.0
2691.0	2719.0
2294.0	2316.0
6700.0	7099.0
2988.0	3019.0
749.0	755.0
418.0	422.0
11728.0	13206.0
3527.0	3561.0
4355.0	4400.0
4407.0	4452.0
8904.0	9754.0
12034.0	13580.0
10479.0	11703.0
6729.0	7131.0
3060.0	3091.0
9519.0	10521.0
6020.0	6262.0
8997.0	9878.0
12049.0	13596.0
3612.0	3648.0
10777.0	12073.0
74.0	77.0
4124.0	4167.0
813.0	819.0
11989.0	13526.0
3430.0	3463.0
12013.0	13553.0
760.0	766.0
7296.0	7829.0
12149.0	13713.0
331.0	335.0
5303.0	5382.0
6849.0	7273.0
8039.0	8720.0
2286.0	2308.0
7917.0	8569.0
12324.0	13927.0
3814.0	3854.0
7403.0	7957.0
11315.0	12720.0
3463.0	3496.0
12001.0	13541.0
1845.0	1862.0
4146.0	4189.0
1828.0	1845.0
2991.0	3022.0
9248.0	10184.0
8782.0	9615.0
1372.0	1385.0
7098.0	7586.0
9091.0	9992.0
5216.0	5280.0
260.0	264.0
1499.0	1514.0
9553.0	10560.0
11028.0	12374.0
10051.0	11172.0
8273.0	8998.0
4443.0	4489.0
10136.0	11279.0
3302.0	3333.0
9462.0	10451.0
4977.0	5027.0
1730.0	1747.0
10694.0	11970.0
10677.0	11950.0
5999.0	6238.0
7298.0	7832.0
2989.0	3020.0
7254.0	7778.0
1531.0	1546.0
4447.0	4493.0
6771.0	7185.0
1644.0	1659.0
6240.0	6538.0
5165.0	5219.0
4325.0	4370.0
320.0	324.0
8387.0	9148.0
7259.0	7784.0
10216.0	11378.0
12291.0	13885.0
8884.0	9730.0
4158.0	4201.0
4606.0	4654.0
4319.0	4364.0
1449.0	1463.0
9128.0	10039.0
11095.0	12460.0
187.0	190.0
2606.0	2632.0
7473.0	8036.0
3003.0	3034.0
423.0	427.0
5708.0	5875.0
5700.0	5865.0
431.0	435.0
7846.0	8482.0
9482.0	10474.0
6121.0	6387.0
9005.0	9888.0
3431.0	3464.0
786.0	792.0
1425.0	1438.0
4102.0	4145.0
2888.0	2919.0
4488.0	4535.0
9077.0	9975.0
3719.0	3755.0
5546.0	5682.0
404.0	408.0
4312.0	4357.0
3075.0	3106.0
7398.0	7952.0
6679.0	7070.0
1157.0	1166.0
10725.0	12003.0
3069.0	3100.0
1332.0	1345.0
4208.0	4252.0
655.0	661.0
12220.0	13797.0
1943.0	1961.0
9220.0	10152.0
2953.0	2984.0
8062.0	8747.0
3590.0	3624.0
6497.0	6861.0
8308.0	9041.0
5655.0	5813.0
4872.0	4922.0
4944.0	4994.0
3364.0	3396.0
11913.0	13428.0
7551.0	8128.0
7414.0	7971.0
6583.0	6962.0
2011.0	2029.0
1775.0	1792.0
10582.0	11835.0
290.0	294.0
11585.0	13042.0
11462.0	12901.0
8309.0	9043.0
7919.0	8571.0
5683.0	5845.0
1549.0	1564.0
10529.0	11767.0
7994.0	8663.0
7995.0	8664.0
9438.0	10421.0
5474.0	5592.0
4050.0	4093.0
9566.0	10578.0
146.0	149.0
5365.0	5462.0
4476.0	4523.0
8517.0	9303.0
5633.0	5788.0
772.0	778.0
393.0	397.0
9865.0	10948.0
10149.0	11295.0
9303.0	10250.0
3805.0	3844.0
105.0	108.0
4646.0	4694.0
7540.0	8114.0
6010.0	6250.0
888.0	896.0
10550.0	11791.0
11057.0	12412.0
535.0	540.0
3515.0	3549.0
1990.0	2008.0
3008.0	3039.0
7943.0	8599.0
6553.0	6927.0
8586.0	9384.0
3862.0	3902.0
11161.0	12533.0
8510.0	9296.0
5621.0	5773.0
339.0	343.0
593.0	598.0
9332.0	10286.0
3650.0	3686.0
11363.0	12779.0
7239.0	7760.0
8845.0	9685.0
9124.0	10034.0
411.0	415.0
325.0	329.0
5209.0	5273.0
1736.0	1753.0
6433.0	6776.0
1329.0	1342.0
8855.0	9697.0
6623.0	7011.0
496.0	501.0
10161.0	11310.0
4807.0	4857.0
5389.0	5491.0
2218.0	2238.0
5976.0	6212.0
938.0	946.0
5904.0	6122.0
6154.0	6426.0
2181.0	2201.0
12009.0	13549.0
2745.0	2774.0
295.0	299.0
10168.0	11317.0
8265.0	8990.0
11737.0	13219.0
2467.0	2491.0
6824.0	7246.0
5609.0	5759.0
3291.0	3322.0
2866.0	2896.0
9376.0	10347.0
8169.0	8873.0
2840.0	2870.0
11392.0	12816.0
8891.0	9738.0
10737.0	12017.0
2978.0	3009.0
7660.0	8257.0
7572.0	8154.0
8023.0	8701.0
7142.0	7644.0
3079.0	3110.0
7850.0	8488.0
11158.0	12529.0
6212.0	6499.0
2481.0	2505.0
9214.0	10145.0
2029.0	2047.0
132.0	135.0
8917.0	9774.0
948.0	957.0
6100.0	6359.0
11443.0	12879.0
8745.0	9573.0
8835.0	9673.0
4591.0	4639.0
5057.0	5110.0
355.0	359.0
7474.0	8039.0
3048.0	3079.0
250.0	254.0
5063.0	5116.0
5229.0	5293.0
8475.0	9252.0
3343.0	3374.0
5489.0	5612.0
3250.0	3281.0
8001.0	8673.0
5056.0	5109.0
2700.0	2728.0
4603.0	4651.0
2234.0	2254.0
12311.0	13908.0
3425.0	3458.0
1615.0	1630.0
12.0	14.0
5309.0	5389.0
7012.0	7469.0
4028.0	4071.0
2889.0	2920.0
7186.0	7698.0
1525.0	1540.0
10958.0	12292.0
6751.0	7157.0
1787.0	1804.0
6625.0	7013.0
2473.0	2497.0
4544.0	4591.0
8572.0	9366.0
12057.0	13605.0
2705.0	2733.0
1568.0	1583.0
2466.0	2490.0
810.0	816.0
528.0	533.0
2817.0	2847.0
11771.0	13263.0
9136.0	10047.0
3947.0	3989.0
6561.0	6937.0
7823.0	8451.0
3793.0	3832.0
6717.0	7118.0
2476.0	2500.0
9973.0	11085.0
9246.0	10182.0
12185.0	13756.0
1046.0	1055.0
4632.0	4680.0
8243.0	8959.0
800.0	806.0
7134.0	7634.0
1344.0	1357.0
501.0	506.0
11097.0	12462.0
5015.0	5066.0
11198.0	12580.0
2391.0	2415.0
10821.0	12124.0
11805.0	13302.0
6322.0	6643.0
6452.0	6805.0
8338.0	9085.0
4448.0	4494.0
3436.0	3469.0
10170.0	11319.0
120.0	123.0
7380.0	7933.0
4031.0	4074.0
11900.0	13411.0
2403.0	2427.0
4113.0	4156.0
8704.0	9527.0
10386.0	11582.0
5293.0	5369.0
11304.0	12708.0
2430.0	2454.0
3931.0	3973.0
5803.0	5988.0
1642.0	1657.0
482.0	487.0
5277.0	5350.0
1622.0	1637.0
10390.0	11586.0
4563.0	4610.0
10066.0	11192.0
7036.0	7507.0
11327.0	12735.0
9961.0	11071.0
11362.0	12778.0
3631.0	3667.0
2427.0	2451.0
5077.0	5130.0
7266.0	7792.0
7736.0	8348.0
8128.0	8825.0
6604.0	6989.0
6350.0	6676.0
6363.0	6690.0
10678.0	11951.0
1030.0	1039.0
12052.0	13600.0
12288.0	13881.0
11776.0	13268.0
7598.0	8186.0
4409.0	4455.0
4513.0	4560.0
6411.0	6748.0
10922.0	12251.0
4703.0	4751.0
234.0	238.0
10248.0	11416.0
2071.0	2089.0
5210.0	5274.0
4006.0	4049.0
8083.0	8771.0
1465.0	1480.0
8729.0	9555.0
168.0	171.0
6518.0	6890.0
3182.0	3213.0
11749.0	13236.0
8222.0	8935.0
10153.0	11299.0
4909.0	4959.0
2723.0	2752.0
11912.0	13427.0
5439.0	5550.0
9310.0	10259.0
7794.0	8417.0
11155.0	12526.0
11490.0	12935.0
9690.0	10735.0
1318.0	1331.0
2138.0	2158.0
6260.0	6567.0
7279.0	7809.0
11194.0	12575.0
11578.0	13035.0
210.0	213.0
7727.0	8339.0
4313.0	4358.0
5554.0	5693.0
6315.0	6636.0
7354.0	7901.0
905.0	913.0
7967.0	8630.0
3307.0	3338.0
3566.0	3600.0
12355.0	13966.0
10643.0	11908.0
12015.0	13555.0
4196.0	4240.0
6065.0	6315.0
209.0	212.0
9481.0	10472.0
307.0	311.0
6334.0	6657.0
391.0	395.0
10010.0	11125.0
11600.0	13059.0
4489.0	4536.0
2474.0	2498.0
85.0	88.0
5230.0	5294.0
12086.0	13637.0
2293.0	2315.0
8570.0	9364.0
5997.0	6236.0
4425.0	4471.0
737.0	743.0
4393.0	4438.0
7182.0	7693.0
11892.0	13401.0
1038.0	1047.0
3545.0	3579.0
550.0	555.0
6271.0	6581.0
91.0	94.0
3522.0	3556.0
604.0	609.0
2420.0	2444.0
3028.0	3059.0
7639.0	8233.0
3979.0	4022.0
10400.0	11600.0
12165.0	13733.0
10373.0	11566.0
6861.0	7287.0
36.0	38.0
6051.0	6298.0
8737.0	9563.0
1591.0	1606.0
10921.0	12250.0
557.0	562.0
5744.0	5919.0
5409.0	5513.0
6439.0	6788.0
9242.0	10177.0
7801.0	8425.0
10975.0	12312.0
10380.0	11574.0
239.0	243.0
4334.0	4379.0
619.0	624.0
9716.0	10769.0
1886.0	1904.0
2892.0	2923.0
3434.0	3467.0
675.0	681.0
9667.0	10708.0
321.0	325.0
11442.0	12877.0
10219.0	11382.0
5417.0	5522.0
6953.0	7397.0
2284.0	2306.0
3986.0	4029.0
8472.0	9249.0
5548.0	5684.0
11580.0	13037.0
9213.0	10144.0
116.0	119.0
4171.0	4215.0
4549.0	4596.0
8621.0	9426.0
12012.0	13552.0
10770.0	12062.0
9651.0	10687.0
1584.0	1599.0
7152.0	7657.0
2928.0	2959.0
2457.0	2481.0
7542.0	8116.0
5085.0	5138.0
1552.0	1567.0
2755.0	2784.0
2856.0	2886.0
11572.0	13028.0
10691.0	11966.0
6414.0	6751.0
2135.0	2155.0
5967.0	6199.0
509.0	514.0
1589.0	1604.0
8395.0	9158.0
8797.0	9631.0
4404.0	4449.0
371.0	375.0
8263.0	8987.0
11080.0	12442.0
1293.0	1306.0
8353.0	9102.0
8000.0	8672.0
6666.0	7056.0
6888.0	7319.0
9492.0	10485.0
4379.0	4424.0
216.0	220.0
5648.0	5803.0
10440.0	11655.0
9636.0	10670.0
11111.0	12478.0
10528.0	11766.0
11766.0	13257.0
3163.0	3194.0
7476.0	8041.0
2472.0	2496.0
9366.0	10335.0
1307.0	1320.0
3976.0	4019.0
2090.0	2108.0
7433.0	7994.0
1985.0	2003.0
10471.0	11694.0
2208.0	2228.0
7814.0	8440.0
3177.0	3208.0
4432.0	4478.0
6142.0	6412.0
9523.0	10526.0
10625.0	11885.0
9442.0	10425.0
1403.0	1416.0
9100.0	10003.0
1099.0	1108.0
1164.0	1173.0
10771.0	12063.0
7693.0	8300.0
11676.0	13148.0
9681.0	10725.0
2139.0	2159.0
1091.0	1100.0
3071.0	3102.0
4647.0	4695.0
8588.0	9387.0
4428.0	4474.0
9938.0	11047.0
1337.0	1350.0
1811.0	1828.0
7243.0	7765.0
200.0	203.0
5612.0	5762.0
39.0	41.0
9845.0	10926.0
5398.0	5500.0
7813.0	8439.0
10190.0	11344.0
12349.0	13957.0
8063.0	8748.0
12283.0	13876.0
12196.0	13767.0
12208.0	13783.0
7069.0	7545.0
8646.0	9455.0
6283.0	6599.0
1008.0	1017.0
8755.0	9584.0
679.0	685.0
11040.0	12389.0
7315.0	7856.0
7578.0	8162.0
523.0	528.0
2100.0	2118.0
9970.0	11082.0
10328.0	11510.0
11073.0	12433.0
11313.0	12718.0
6233.0	6529.0
6017.0	6259.0
2253.0	2273.0
11174.0	12548.0
4342.0	4387.0
4414.0	4460.0
5050.0	5102.0
10797.0	12096.0
2517.0	2541.0
7717.0	8328.0
8553.0	9346.0
2379.0	2402.0
1942.0	1960.0
3243.0	3274.0
8079.0	8765.0
9560.0	10569.0
3161.0	3192.0
8131.0	8828.0
7438.0	7999.0
1890.0	1908.0
1558.0	1573.0
3907.0	3947.0
11274.0	12676.0
9042.0	9936.0
4107.0	4150.0
5010.0	5061.0
8085.0	8773.0
6258.0	6561.0
11269.0	12669.0
6812.0	7232.0
11521.0	12970.0
2990.0	3021.0
4572.0	4619.0
198.0	201.0
1419.0	1432.0
8820.0	9656.0
4248.0	4292.0
7499.0	8069.0
3094.0	3125.0
2195.0	2215.0
10458.0	11677.0
3220.0	3251.0
5729.0	5900.0
2116.0	2136.0
775.0	781.0
9579.0	10593.0
3016.0	3047.0
920.0	928.0
2511.0	2535.0
7783.0	8405.0
4230.0	4274.0
416.0	420.0
6668.0	7058.0
10495.0	11721.0
10719.0	11996.0
9768.0	10833.0
4056.0	4099.0
5114.0	5167.0
8407.0	9171.0
11943.0	13468.0
6296.0	6615.0
7942.0	8598.0
5007.0	5058.0
4778.0	4827.0
5722.0	5893.0
5440.0	5551.0
4639.0	4687.0
11087.0	12450.0
4794.0	4843.0
1814.0	1831.0
3453.0	3486.0
11359.0	12775.0
6869.0	7295.0
499.0	504.0
3036.0	3067.0
3953.0	3995.0
2585.0	2611.0
2902.0	2933.0
10347.0	11532.0
3704.0	3740.0
12290.0	13884.0
4620.0	4668.0
6043.0	6289.0
1593.0	1608.0
5009.0	5060.0
10314.0	11496.0
6418.0	6756.0
2618.0	2644.0
6970.0	7416.0
5757.0	5935.0
5159.0	5213.0
11888.0	13397.0
3507.0	3540.0
9363.0	10331.0
7558.0	8138.0
2794.0	2823.0
1750.0	1767.0
373.0	377.0
10478.0	11702.0
4377.0	4422.0
10586.0	11840.0
2717.0	2746.0
9160.0	10074.0
7458.0	8019.0
1766.0	1783.0
7228.0	7748.0
11217.0	12604.0
5221.0	5285.0
1433.0	1447.0
1710.0	1726.0
11522.0	12972.0
8865.0	9708.0
7824.0	8452.0
7386.0	7940.0
3921.0	3963.0
11542.0	12996.0
5446.0	5559.0
7861.0	8499.0
2670.0	2698.0
8201.0	8910.0
9342.0	10298.0
10399.0	11599.0
9710.0	10761.0
387.0	391.0
9279.0	10222.0
11642.0	13107.0
11723.0	13200.0
4114.0	4157.0
11227.0	12617.0
8955.0	9828.0
7755.0	8372.0
6036.0	6282.0
9649.0	10685.0
4318.0	4363.0
8656.0	9465.0
2951.0	2982.0
464.0	469.0
4619.0	4667.0
52.0	55.0
1375.0	1388.0
10854.0	12164.0
4959.0	5009.0
8400.0	9163.0
2304.0	2326.0
7683.0	8289.0
9236.0	10170.0
4550.0	4597.0
965.0	974.0
9196.0	10124.0
5592.0	5739.0
9987.0	11101.0
3709.0	3745.0
10638.0	11903.0
2200.0	2220.0
318.0	322.0
10666.0	11936.0
3619.0	3655.0
9977.0	11090.0
9484.0	10476.0
11721.0	13198.0
2358.0	2380.0
2332.0	2354.0
11851.0	13354.0
9759.0	10824.0
4199.0	4243.0
8267.0	8992.0
10705.0	11982.0
5739.0	5913.0
8735.0	9561.0
10044.0	11164.0
131.0	134.0
5914.0	6134.0
11636.0	13100.0
8096.0	8786.0
3058.0	3089.0
10512.0	11744.0
10445.0	11661.0
4548.0	4595.0
3743.0	3780.0
5257.0	5328.0
10546.0	11786.0
4900.0	4950.0
2235.0	2255.0
592.0	597.0
3162.0	3193.0
2494.0	2518.0
10284.0	11461.0
2275.0	2297.0
1667.0	1683.0
32.0	34.0
9926.0	11032.0
96.0	99.0
4423.0	4469.0
134.0	137.0
7337.0	7882.0
2267.0	2289.0
8205.0	8914.0
10059.0	11180.0
796.0	802.0
10206.0	11365.0
2404.0	2428.0
3276.0	3307.0
3884.0	3924.0
9838.0	10918.0
6969.0	7415.0
8356.0	9105.0
8972.0	9848.0
1599.0	1614.0
11689.0	13162.0
9582.0	10597.0
6976.0	7423.0
5139.0	5192.0
892.0	900.0
9275.0	10216.0
5300.0	5378.0
7169.0	7677.0
10087.0	11216.0
4828.0	4878.0
653.0	659.0
2518.0	2542.0
5429.0	5538.0
3491.0	3524.0
4719.0	4767.0
3054.0	3085.0
12293.0	13887.0
9814.0	10892.0
3534.0	3568.0
9813.0	10890.0
11235.0	12626.0
9581.0	10595.0
7614.0	8204.0
6290.0	6608.0
4292.0	4337.0
5118.0	5171.0
8383.0	9142.0
10138.0	11281.0
5263.0	5335.0
7959.0	8619.0
8587.0	9385.0
2639.0	2665.0
2772.0	2801.0
296.0	300.0
11337.0	12748.0
12289.0	13883.0
6828.0	7250.0
11509.0	12955.0
2320.0	2342.0
7227.0	7747.0
8099.0	8789.0
628.0	633.0
1562.0	1577.0
11437.0	12870.0
5339.0	5427.0
5604.0	5753.0
555.0	560.0
9841.0	10922.0
7328.0	7872.0
1996.0	2014.0
4311.0	4356.0
9494.0	10487.0
2392.0	2416.0
1821.0	1838.0
1813.0	1830.0
1035.0	1044.0
8496.0	9279.0
8967.0	9842.0
9377.0	10348.0
10519.0	11754.0
527.0	532.0
3184.0	3215.0
5829.0	6022.0
8439.0	9213.0
133.0	136.0
3128.0	3159.0
648.0	654.0
2355.0	2377.0
342.0	346.0
4654.0	4702.0
6160.0	6433.0
3361.0	3393.0
11797.0	13293.0
2205.0	2225.0
1991.0	2009.0
8181.0	8887.0
3594.0	3628.0
10231.0	11396.0
4188.0	4232.0
3535.0	3569.0
8292.0	9019.0
9902.0	11001.0
345.0	349.0
5905.0	6124.0
10593.0	11850.0
4670.0	4718.0
9166.0	10082.0
6684.0	7081.0
4638.0	4686.0
11646.0	13112.0
9883.0	10974.0
11278.0	12680.0
9656.0	10694.0
10604.0	11863.0
10043.0	11162.0
11202.0	12585.0
515.0	520.0
1862.0	1879.0
11424.0	12856.0
9362.0	10329.0
7395.0	7949.0
5704.0	5870.0
9688.0	10733.0
1263.0	1275.0
237.0	241.0
7709.0	8318.0
7179.0	7690.0
10590.0	11847.0
7940.0	8596.0
11528.0	12980.0
1428.0	1442.0
6042.0	6288.0
10706.0	11983.0
6014.0	6254.0
4602.0	4650.0
3956.0	3998.0
3195.0	3226.0
8672.0	9485.0
6376.0	6706.0
3191.0	3222.0
3412.0	3445.0
7825.0	8453.0
2896.0	2927.0
4723.0	4771.0
2728.0	2757.0
827.0	834.0
7523.0	8095.0
7704.0	8313.0
4737.0	4785.0
8971.0	9847.0
9425.0	10402.0
2601.0	2627.0
472.0	477.0
10333.0	11517.0
12080.0	13631.0
9624.0	10654.0
9601.0	10618.0
2254.0	2274.0
683.0	689.0
8873.0	9719.0
8887.0	9733.0
11246.0	12640.0
5742.0	5917.0
6156.0	6428.0
5900.0	6115.0
4037.0	4080.0
5190.0	5245.0
3013.0	3044.0
9729.0	10783.0
6104.0	6363.0
9181.0	10104.0
8102.0	8792.0
12250.0	13835.0
5251.0	5322.0
11589.0	13046.0
5963.0	6195.0
1232.0	1244.0
2248.0	2268.0
7411.0	7968.0
1090.0	1099.0
11397.0	12821.0
670.0	676.0
3770.0	3808.0
5481.0	5601.0
12350.0	13958.0
10804.0	12105.0
12280.0	13871.0
4306.0	4351.0
5328.0	5413.0
12025.0	13570.0
10556.0	11800.0
1699.0	1715.0
11074.0	12434.0
11173.0	12547.0
6747.0	7153.0
7249.0	7772.0
3023.0	3054.0
11266.0	12665.0
6834.0	7257.0
6980.0	7427.0
6089.0	6347.0
7651.0	8247.0
1037.0	1046.0
11130.0	12499.0
7593.0	8180.0
1823.0	1840.0
12215.0	13792.0
8081.0	8768.0
12179.0	13750.0
10577.0	11828.0
196.0	199.0
3179.0	3210.0
9695.0	10743.0
5588.0	5734.0
2049.0	2067.0
281.0	285.0
12137.0	13700.0
11691.0	13164.0
8488.0	9268.0
8524.0	9312.0
5459.0	5574.0
5452.0	5566.0
3977.0	4020.0
3267.0	3298.0
4207.0	4251.0
1294.0	1307.0
11146.0	12516.0
4970.0	5020.0
6135.0	6403.0
11625.0	13088.0
8626.0	9432.0
2855.0	2885.0
4630.0	4678.0
12262.0	13850.0
11501.0	12947.0
6229.0	6523.0
3228.0	3259.0
4454.0	4500.0
8607.0	9410.0
3673.0	3709.0
9287.0	10231.0
10320.0	11502.0
11416.0	12843.0
2756.0	2785.0
9471.0	10461.0
5942.0	6168.0
10962.0	12298.0
4265.0	4310.0
6207.0	6494.0
8554.0	9347.0
122.0	125.0
10911.0	12238.0
10894.0	12218.0
3109.0	3140.0
9616.0	10644.0
12059.0	13607.0
1324.0	1337.0
8733.0	9559.0
6295.0	6614.0
9426.0	10405.0
9562.0	10573.0
12332.0	13938.0
9580.0	10594.0
10465.0	11685.0
2416.0	2440.0
3422.0	3455.0
9715.0	10768.0
12017.0	13558.0
11608.0	13069.0
11715.0	13191.0
8788.0	9621.0
8373.0	9126.0
7931.0	8586.0
9353.0	10313.0
3908.0	3948.0
8594.0	9393.0
2363.0	2385.0
4296.0	4341.0
10936.0	12266.0
5106.0	5159.0
5926.0	6149.0
2569.0	2595.0
3047.0	3078.0
8634.0	9441.0
7516.0	8087.0
4681.0	4729.0
6088.0	6345.0
2634.0	2660.0
4951.0	5001.0
10143.0	11288.0
7133.0	7633.0
5827.0	6020.0
11220.0	12608.0
3964.0	4006.0
11206.0	12591.0
958.0	967.0
4291.0	4336.0
2406.0	2430.0
2512.0	2536.0
11110.0	12476.0
10224.0	11389.0
11817.0	13315.0
833.0	840.0
9321.0	10272.0
4485.0	4532.0
5950.0	6180.0
8405.0	9168.0
11729.0	13208.0
5321.0	5404.0
150.0	153.0
3987.0	4030.0
6933.0	7375.0
4164.0	4208.0
3878.0	3918.0
12380.0	13994.0
11672.0	13144.0
975.0	984.0
10957.0	12291.0
8908.0	9761.0
5821.0	6010.0
11320.0	12726.0
8942.0	9809.0
3306.0	3337.0
12338.0	13946.0
2086.0	2104.0
8961.0	9835.0
10889.0	12210.0
297.0	301.0
2941.0	2972.0
3091.0	3122.0
9354.0	10314.0
2774.0	2803.0
2930.0	2961.0
8930.0	9793.0
4923.0	4973.0
2704.0	2732.0
10525.0	11762.0
4975.0	5025.0
7503.0	8073.0
11335.0	12745.0
9850.0	10931.0
6895.0	7327.0
6377.0	6707.0
3508.0	3541.0
11735.0	13214.0
3642.0	3678.0
5465.0	5581.0
5019.0	5070.0
4568.0	4615.0
11471.0	12912.0
8296.0	9024.0
6993.0	7443.0
755.0	761.0
3526.0	3560.0
9292.0	10236.0
6216.0	6508.0
8508.0	9294.0
3423.0	3456.0
9308.0	10255.0
4790.0	4839.0
10260.0	11431.0
10245.0	11413.0
2015.0	2033.0
7966.0	8629.0
10408.0	11612.0
8294.0	9022.0
3667.0	3703.0
8280.0	9005.0
8701.0	9524.0
9430.0	10411.0
5313.0	5394.0
1674.0	1690.0
1772.0	1789.0
10088.0	11217.0
6851.0	7275.0
1573.0	1588.0
338.0	342.0
460.0	465.0
11845.0	13347.0
11491.0	12936.0
2335.0	2357.0
10594.0	11851.0
1768.0	1785.0
5332.0	5420.0
8122.0	8818.0
4212.0	4256.0
8204.0	8913.0
4659.0	4707.0
1925.0	1943.0
6817.0	7239.0
1335.0	1348.0
8522.0	9310.0
2446.0	2470.0
9446.0	10430.0
5286.0	5361.0
661.0	667.0
3456.0	3489.0
3687.0	3723.0
2798.0	2827.0
10355.0	11541.0
8091.0	8781.0
3419.0	3452.0
5720.0	5891.0
3514.0	3548.0
7478.0	8043.0
2089.0	2107.0
11361.0	12777.0
8611.0	9415.0
9229.0	10162.0
9374.0	10345.0
429.0	433.0
3284.0	3315.0
669.0	675.0
11190.0	12570.0
4461.0	4507.0
4928.0	4978.0
7678.0	8281.0
11128.0	12497.0
1581.0	1596.0
5066.0	5119.0
9219.0	10151.0
3919.0	3961.0
3098.0	3129.0
8760.0	9589.0
4298.0	4343.0
4118.0	4161.0
6706.0	7106.0
611.0	616.0
4329.0	4374.0
4357.0	4402.0
8808.0	9644.0
9180.0	10102.0
580.0	585.0
5727.0	5898.0
2278.0	2300.0
1302.0	1315.0
2921.0	2952.0
6681.0	7076.0
9195.0	10123.0
8460.0	9237.0
4783.0	4832.0
7011.0	7468.0
127.0	130.0
3164.0	3195.0
12135.0	13698.0
6680.0	7075.0
3146.0	3177.0
902.0	910.0
11505.0	12951.0
1633.0	1648.0
3417.0	3450.0
4556.0	4603.0
11513.0	12959.0
6172.0	6446.0
11837.0	13339.0
1606.0	1621.0
10755.0	12039.0
3261.0	3292.0
5692.0	5857.0
2163.0	2183.0
11702.0	13176.0
9019.0	9906.0
5282.0	5355.0
1390.0	1403.0
9694.0	10741.0
9650.0	10686.0
9761.0	10826.0
8175.0	8881.0
7510.0	8080.0
5386.0	5488.0
2021.0	2039.0
11410.0	12837.0
7206.0	7719.0
3348.0	3379.0
11122.0	12491.0
5129.0	5182.0
6379.0	6709.0
10198.0	11353.0
1352.0	1365.0
5709.0	5876.0
6060.0	6307.0
641.0	647.0
11932.0	13455.0
7339.0	7884.0
8598.0	9398.0
9884.0	10975.0
612.0	617.0
1917.0	1935.0
5092.0	5145.0
4462.0	4508.0
7460.0	8021.0
8048.0	8732.0
5839.0	6034.0
10517.0	11751.0
5022.0	5073.0
8375.0	9129.0
2400.0	2424.0
10760.0	12045.0
8121.0	8817.0
7292.0	7825.0
4351.0	4396.0
2582.0	2608.0
2413.0	2437.0
9312.0	10261.0
4492.0	4539.0
490.0	495.0
2660.0	2688.0
3479.0	3512.0
7136.0	7636.0
11949.0	13475.0
11476.0	12917.0
6331.0	6653.0
12022.0	13567.0
10571.0	11820.0
2839.0	2869.0
6291.0	6609.0
3929.0	3971.0
5651.0	5809.0
9633.0	10665.0
10346.0	11531.0
9150.0	10062.0
3994.0	4037.0
9217.0	10149.0
370.0	374.0
4507.0	4554.0
10551.0	11792.0
12093.0	13647.0
3818.0	3858.0
9754.0	10819.0
6707.0	7107.0
7841.0	8473.0
6670.0	7060.0
4653.0	4701.0
9497.0	10491.0
7723.0	8335.0
6340.0	6664.0
5681.0	5843.0
4255.0	4299.0
10718.0	11995.0
10836.0	12143.0
289.0	293.0
5108.0	5161.0
2120.0	2140.0
6740.0	7145.0
7839.0	8470.0
7097.0	7585.0
2496.0	2520.0
7904.0	8554.0
12204.0	13778.0
1836.0	1853.0
3520.0	3554.0
9610.0	10632.0
3707.0	3743.0
12127.0	13689.0
9467.0	10456.0
11947.0	13473.0
9454.0	10439.0
1597.0	1612.0
3462.0	3495.0
6002.0	6241.0
7818.0	8444.0
8221.0	8934.0
10591.0	11848.0
6009.0	6249.0
5124.0	5177.0
6314.0	6634.0
5284.0	5358.0
12122.0	13683.0
8045.0	8729.0
2850.0	2880.0
3212.0	3243.0
3254.0	3285.0
4956.0	5006.0
1055.0	1064.0
2470.0	2494.0
4094.0	4137.0
11969.0	13501.0
1111.0	1120.0
6190.0	6466.0
3256.0	3287.0
5723.0	5894.0
11639.0	13104.0
3533.0	3567.0
8860.0	9703.0
4336.0	4381.0
4532.0	4579.0
12101.0	13656.0
12275.0	13866.0
10963.0	12299.0
1794.0	1811.0
1455.0	1469.0
11422.0	12852.0
2719.0	2748.0
4748.0	4796.0
4527.0	4574.0
10297.0	11474.0
7184.0	7696.0
6477.0	6837.0
4236.0	4280.0
6896.0	7329.0
9398.0	10370.0
7617.0	8207.0
3896.0	3936.0
5580.0	5723.0
3580.0	3614.0
9082.0	9981.0
8295.0	9023.0
10813.0	12114.0
6612.0	6999.0
11791.0	13286.0
3211.0	3242.0
9815.0	10893.0
9010.0	9896.0
9542.0	10548.0
4795.0	4844.0
1624.0	1639.0
2744.0	2773.0
6559.0	6935.0
5593.0	5740.0
11162.0	12534.0
8106.0	8798.0
2950.0	2981.0
10532.0	11770.0
8072.0	8758.0
5154.0	5208.0
8633.0	9440.0
471.0	476.0
6395.0	6728.0
2506.0	2530.0
573.0	578.0
5160.0	5214.0
8813.0	9649.0
1241.0	1253.0
9036.0	9928.0
4593.0	4641.0
6582.0	6961.0
1557.0	1572.0
8384.0	9143.0
5490.0	5613.0
9379.0	10350.0
8893.0	9741.0
2105.0	2124.0
10540.0	11779.0
8580.0	9375.0
1874.0	1892.0
11767.0	13258.0
10359.0	11545.0
9266.0	10205.0
4161.0	4205.0
493.0	498.0
2315.0	2337.0
227.0	231.0
6130.0	6396.0
6362.0	6689.0
2944.0	2975.0
1359.0	1372.0
3481.0	3514.0
4314.0	4359.0
2579.0	2605.0
5352.0	5446.0
6785.0	7200.0
7684.0	8290.0
10426.0	11635.0
9584.0	10599.0
8765.0	9596.0
7585.0	8171.0
7143.0	7645.0
2047.0	2065.0
804.0	810.0
1907.0	1925.0
10534.0	11772.0
6118.0	6383.0
4999.0	5050.0
8898.0	9747.0
11891.0	13400.0
4901.0	4951.0
4231.0	4275.0
2006.0	2024.0
2680.0	2708.0
2349.0	2371.0
10057.0	11178.0
10046.0	11166.0
4643.0	4691.0
5940.0	6166.0
4108.0	4151.0
1641.0	1656.0
9224.0	10156.0
1508.0	1523.0
2025.0	2043.0
2886.0	2917.0
8868.0	9711.0
495.0	500.0
9210.0	10141.0
4866.0	4916.0
2687.0	2715.0
10421.0	11627.0
6719.0	7120.0
9572.0	10585.0
9487.0	10480.0
7925.0	8579.0
165.0	168.0
2946.0	2977.0
12366.0	13978.0
6597.0	6981.0
582.0	587.0
1097.0	1106.0
8943.0	9812.0
9740.0	10799.0
6071.0	6324.0
7872.0	8513.0
6355.0	6681.0
9726.0	10779.0
2594.0	2620.0
9504.0	10500.0
9981.0	11095.0
389.0	393.0
2357.0	2379.0
6186.0	6461.0
9598.0	10615.0
2637.0	2663.0
9745.0	10806.0
2232.0	2252.0
4223.0	4267.0
7528.0	8100.0
11275.0	12677.0
2240.0	2260.0
6757.0	7165.0
4125.0	4168.0
1608.0	1623.0
6370.0	6698.0
9974.0	11087.0
9765.0	10830.0
4410.0	4456.0
9001.0	9883.0
2918.0	2949.0
5420.0	5525.0
9380.0	10351.0
10672.0	11944.0
9261.0	10200.0
7774.0	8395.0
3668.0	3704.0
2041.0	2059.0
2769.0	2798.0
9872.0	10957.0
7486.0	8051.0
3737.0	3774.0
5733.0	5905.0
4770.0	4818.0
6434.0	6778.0
2945.0	2976.0
3183.0	3214.0
4079.0	4122.0
8880.0	9726.0
8291.0	9018.0
1785.0	1802.0
2612.0	2638.0
8206.0	8915.0
5638.0	5793.0
8107.0	8799.0
5944.0	6170.0
10374.0	11567.0
6455.0	6809.0
3189.0	3220.0
397.0	401.0
1272.0	1284.0
11319.0	12725.0
7902.0	8552.0
5977.0	6213.0
10210.0	11370.0
11394.0	12818.0
2958.0	2989.0
744.0	750.0
3885.0	3925.0
11971.0	13503.0
10234.0	11401.0
3473.0	3506.0
6316.0	6637.0
3934.0	3976.0
4395.0	4440.0
5631.0	5786.0
2824.0	2854.0
4950.0	5000.0
4531.0	4578.0
164.0	167.0
4893.0	4943.0
9231.0	10164.0
9135.0	10046.0
60.0	63.0
11208.0	12593.0
9084.0	9983.0
7236.0	7757.0
5036.0	5087.0
5568.0	5708.0
9092.0	9993.0
7852.0	8490.0
7310.0	7850.0
4390.0	4435.0
9252.0	10189.0
4529.0	4576.0
6453.0	6806.0
1450.0	1464.0
5672.0	5832.0
5660.0	5819.0
8960.0	9834.0
4710.0	4758.0
4115.0	4158.0
111.0	114.0
3444.0	3477.0
163.0	166.0
1774.0	1791.0
718.0	724.0
4624.0	4672.0
