2300.0	2319.0
338.0	343.0
2916.0	2942.0
2461.0	2484.0
461.0	468.0
10005.0	11031.0
386.0	393.0
6416.0	6756.0
66.0	69.0
2268.0	2287.0
8682.0	9445.0
5705.0	5899.0
2931.0	2957.0
2484.0	2507.0
252.0	256.0
11638.0	12996.0
7700.0	8285.0
3551.0	3591.0
3570.0	3610.0
2533.0	2557.0
15.0	16.0
1807.0	1821.0
7683.0	8264.0
11408.0	12724.0
6850.0	7278.0
4423.0	4479.0
4012.0	4063.0
9306.0	10182.0
8384.0	9094.0
2260.0	2279.0
10644.0	11780.0
1259.0	1268.0
1808.0	1822.0
5258.0	5351.0
1339.0	1349.0
8854.0	9653.0
4541.0	4601.0
1752.0	1766.0
9954.0	10965.0
5977.0	6226.0
4593.0	4655.0
97.0	100.0
11581.0	12926.0
3145.0	3172.0
10618.0	11750.0
3254.0	3285.0
4996.0	5068.0
4748.0	4817.0
5227.0	5316.0
4544.0	4605.0
3136.0	3163.0
2258.0	2277.0
11388.0	12699.0
9570.0	10493.0
5269.0	5363.0
7667.0	8247.0
11684.0	13047.0
3047.0	3073.0
4669.0	4735.0
11644.0	13003.0
8204.0	8886.0
7029.0	7498.0
597.0	603.0
10666.0	11808.0
5255.0	5348.0
7090.0	7572.0
10936.0	12144.0
8665.0	9426.0
2220.0	2238.0
6773.0	7179.0
5289.0	5397.0
8099.0	8762.0
11514.0	12845.0
3613.0	3655.0
11228.0	12505.0
1298.0	1308.0
6968.0	7430.0
322.0	327.0
3592.0	3634.0
5736.0	5935.0
5140.0	5215.0
9278.0	10148.0
4251.0	4306.0
3141.0	3168.0
9442.0	10338.0
6517.0	6874.0
2551.0	2575.0
11544.0	12883.0
3473.0	3511.0
2750.0	2775.0
7723.0	8313.0
5868.0	6095.0
7924.0	8548.0
11287.0	12578.0
11520.0	12852.0
7176.0	7667.0
1973.0	1988.0
7561.0	8121.0
5843.0	6067.0
4828.0	4896.0
2252.0	2271.0
5554.0	5719.0
8779.0	9553.0
2441.0	2464.0
5570.0	5738.0
1089.0	1105.0
5112.0	5186.0
8050.0	8704.0
1096.0	1112.0
6613.0	6995.0
10807.0	11984.0
8706.0	9470.0
2301.0	2320.0
7849.0	8466.0
3209.0	3238.0
6333.0	6663.0
7288.0	7806.0
1706.0	1720.0
1002.0	1016.0
6112.0	6392.0
4036.0	4088.0
3625.0	3669.0
10060.0	11104.0
794.0	805.0
11615.0	12967.0
5517.0	5678.0
3245.0	3275.0
11226.0	12503.0
3947.0	3998.0
9395.0	10283.0
6446.0	6792.0
3883.0	3932.0
10815.0	11993.0
6889.0	7327.0
8333.0	9032.0
10393.0	11495.0
6315.0	6640.0
3198.0	3226.0
2648.0	2673.0
3304.0	3338.0
4862.0	4930.0
2142.0	2158.0
91.0	94.0
2546.0	2570.0
3041.0	3067.0
5905.0	6140.0
10394.0	11496.0
8041.0	8692.0
9245.0	10112.0
6925.0	7372.0
11600.0	12948.0
8783.0	9557.0
10039.0	11077.0
7883.0	8499.0
3743.0	3791.0
5752.0	5956.0
8284.0	8974.0
8483.0	9209.0
6214.0	6517.0
6934.0	7387.0
6545.0	6904.0
9029.0	9852.0
925.0	938.0
220.0	224.0
8884.0	9688.0
10636.0	11773.0
6674.0	7070.0
1431.0	1441.0
5980.0	6229.0
11775.0	13140.0
6402.0	6743.0
3368.0	3405.0
2036.0	2052.0
8066.0	8723.0
5502.0	5661.0
10798.0	11971.0
1736.0	1750.0
7492.0	8042.0
968.0	982.0
8669.0	9431.0
8391.0	9102.0
3038.0	3064.0
10193.0	11250.0
5186.0	5275.0
3033.0	3059.0
10315.0	11398.0
510.0	517.0
10903.0	12102.0
5767.0	5973.0
10334.0	11424.0
9261.0	10129.0
633.0	641.0
6629.0	7013.0
5791.0	6006.0
2371.0	2393.0
8068.0	8725.0
4311.0	4366.0
8112.0	8778.0
10745.0	11907.0
8574.0	9318.0
10703.0	11853.0
3404.0	3443.0
11760.0	13125.0
2378.0	2400.0
5676.0	5862.0
60.0	63.0
11094.0	12341.0
9861.0	10848.0
2420.0	2443.0
11447.0	12768.0
2573.0	2597.0
1331.0	1341.0
5963.0	6205.0
6841.0	7266.0
6007.0	6263.0
10926.0	12133.0
4340.0	4395.0
9847.0	10832.0
5148.0	5225.0
11700.0	13062.0
3665.0	3709.0
7912.0	8536.0
6722.0	7127.0
3228.0	3258.0
7172.0	7662.0
4113.0	4166.0
1156.0	1172.0
8864.0	9665.0
1771.0	1785.0
7319.0	7840.0
10382.0	11482.0
4504.0	4563.0
2943.0	2969.0
351.0	357.0
8980.0	9796.0
2567.0	2591.0
5769.0	5975.0
5247.0	5338.0
501.0	508.0
9201.0	10055.0
8315.0	9010.0
4135.0	4189.0
8191.0	8874.0
4543.0	4604.0
10741.0	11901.0
7203.0	7705.0
3497.0	3535.0
4264.0	4319.0
3232.0	3262.0
3165.0	3192.0
2967.0	2993.0
4126.0	4180.0
3738.0	3784.0
1891.0	1905.0
8090.0	8748.0
9987.0	11009.0
2901.0	2927.0
611.0	617.0
10642.0	11778.0
9204.0	10060.0
5280.0	5382.0
11333.0	12631.0
4874.0	4942.0
8745.0	9513.0
5449.0	5597.0
4380.0	4435.0
3618.0	3660.0
9368.0	10253.0
1302.0	1312.0
8196.0	8879.0
6244.0	6551.0
10874.0	12068.0
10548.0	11671.0
621.0	628.0
4549.0	4610.0
6508.0	6864.0
9234.0	10097.0
4140.0	4194.0
11571.0	12915.0
10757.0	11919.0
9237.0	10102.0
10043.0	11081.0
3384.0	3423.0
8045.0	8697.0
2398.0	2421.0
9523.0	10429.0
10933.0	12141.0
8708.0	9472.0
2486.0	2509.0
11617.0	12970.0
5675.0	5861.0
2184.0	2201.0
388.0	395.0
233.0	237.0
7764.0	8364.0
6692.0	7089.0
8977.0	9791.0
10714.0	11868.0
2930.0	2956.0
5433.0	5574.0
1681.0	1693.0
5781.0	5993.0
607.0	613.0
4057.0	4109.0
7214.0	7717.0
446.0	453.0
11221.0	12497.0
10298.0	11377.0
1968.0	1983.0
7949.0	8582.0
3308.0	3342.0
1738.0	1752.0
1475.0	1486.0
4650.0	4716.0
3248.0	3278.0
3583.0	3625.0
4596.0	4658.0
7269.0	7783.0
6160.0	6449.0
6960.0	7419.0
334.0	339.0
2720.0	2745.0
5367.0	5492.0
3827.0	3876.0
4829.0	4897.0
5057.0	5130.0
5842.0	6066.0
4377.0	4432.0
9503.0	10410.0
63.0	66.0
2456.0	2479.0
578.0	584.0
1762.0	1776.0
2853.0	2879.0
1066.0	1080.0
9385.0	10271.0
7353.0	7878.0
3017.0	3043.0
9124.0	9968.0
6010.0	6266.0
3545.0	3584.0
9950.0	10961.0
240.0	244.0
3827.0	3876.0
4130.0	4184.0
4714.0	4782.0
3148.0	3175.0
4466.0	4524.0
1477.0	1488.0
9750.0	10712.0
111.0	114.0
4441.0	4497.0
11174.0	12436.0
7460.0	8002.0
4477.0	4535.0
4488.0	4546.0
10495.0	11615.0
5418.0	5552.0
8993.0	9813.0
1992.0	2007.0
4445.0	4502.0
1474.0	1485.0
5548.0	5713.0
8642.0	9399.0
382.0	389.0
4775.0	4843.0
7481.0	8028.0
1467.0	1478.0
10498.0	11618.0
8672.0	9435.0
8217.0	8900.0
4101.0	4154.0
1871.0	1886.0
9509.0	10416.0
9276.0	10147.0
11745.0	13109.0
1960.0	1975.0
4613.0	4678.0
2360.0	2381.0
4313.0	4368.0
3384.0	3423.0
6852.0	7283.0
11247.0	12530.0
10834.0	12016.0
10023.0	11052.0
6223.0	6529.0
9891.0	10882.0
8781.0	9555.0
2579.0	2603.0
4039.0	4091.0
6795.0	7204.0
5275.0	5375.0
1321.0	1331.0
831.0	843.0
5533.0	5695.0
6631.0	7015.0
8383.0	9093.0
8212.0	8894.0
10937.0	12145.0
11227.0	12504.0
9721.0	10676.0
1342.0	1352.0
3044.0	3070.0
4530.0	4589.0
10583.0	11711.0
1136.0	1152.0
3059.0	3085.0
1677.0	1688.0
1024.0	1038.0
912.0	925.0
995.0	1009.0
6409.0	6750.0
9921.0	10922.0
19.0	20.0
6787.0	7194.0
341.0	346.0
6463.0	6809.0
11073.0	12315.0
4486.0	4544.0
574.0	580.0
2575.0	2599.0
9928.0	10934.0
8.0	8.0
1167.0	1183.0
4080.0	4132.0
7910.0	8534.0
10467.0	11580.0
10338.0	11430.0
4026.0	4078.0
8166.0	8844.0
11613.0	12965.0
7512.0	8065.0
2884.0	2909.0
4266.0	4321.0
1070.0	1084.0
8938.0	9747.0
6528.0	6884.0
9336.0	10217.0
7652.0	8231.0
1760.0	1774.0
194.0	197.0
887.0	899.0
9126.0	9970.0
10451.0	11561.0
1502.0	1512.0
6497.0	6849.0
4537.0	4597.0
3835.0	3884.0
4360.0	4415.0
3786.0	3835.0
9280.0	10150.0
10369.0	11469.0
4255.0	4310.0
8942.0	9751.0
185.0	188.0
4634.0	4700.0
9596.0	10523.0
10841.0	12025.0
315.0	319.0
4496.0	4554.0
4395.0	4450.0
549.0	555.0
7357.0	7882.0
6444.0	6790.0
8470.0	9192.0
8924.0	9734.0
2953.0	2979.0
3993.0	4044.0
3205.0	3234.0
3688.0	3734.0
9763.0	10726.0
2276.0	2295.0
1105.0	1121.0
3373.0	3410.0
486.0	493.0
4081.0	4133.0
7976.0	8611.0
3218.0	3248.0
7033.0	7502.0
8566.0	9308.0
594.0	600.0
6434.0	6776.0
5496.0	5654.0
8456.0	9178.0
6038.0	6295.0
10223.0	11284.0
5756.0	5960.0
10796.0	11969.0
4117.0	4170.0
7420.0	7954.0
8134.0	8804.0
4855.0	4923.0
10960.0	12170.0
10290.0	11369.0
3217.0	3247.0
8786.0	9561.0
3575.0	3617.0
10116.0	11166.0
11193.0	12459.0
1782.0	1796.0
6913.0	7355.0
1794.0	1808.0
3244.0	3274.0
4906.0	4975.0
6458.0	6803.0
4200.0	4255.0
10406.0	11508.0
359.0	365.0
5821.0	6040.0
11667.0	13027.0
5109.0	5183.0
198.0	201.0
2725.0	2750.0
2927.0	2953.0
11641.0	12999.0
7625.0	8197.0
11519.0	12850.0
175.0	178.0
8940.0	9749.0
3668.0	3712.0
8021.0	8667.0
2784.0	2809.0
3408.0	3447.0
3298.0	3332.0
4945.0	5014.0
492.0	499.0
6349.0	6681.0
5503.0	5662.0
9428.0	10322.0
1721.0	1735.0
5681.0	5867.0
3194.0	3222.0
10814.0	11992.0
10605.0	11736.0
2685.0	2710.0
5062.0	5135.0
9602.0	10530.0
3309.0	3343.0
7201.0	7701.0
4962.0	5032.0
8462.0	9185.0
6396.0	6736.0
11468.0	12792.0
8302.0	8999.0
10942.0	12152.0
5246.0	5337.0
4118.0	4171.0
9331.0	10212.0
11096.0	12343.0
8965.0	9778.0
232.0	236.0
4464.0	4522.0
11475.0	12799.0
910.0	923.0
523.0	529.0
1763.0	1777.0
0.0	0.0
2854.0	2880.0
10151.0	11205.0
2908.0	2934.0
6575.0	6949.0
10344.0	11436.0
3343.0	3378.0
8651.0	9409.0
2105.0	2120.0
5633.0	5814.0
5236.0	5328.0
9018.0	9839.0
7136.0	7621.0
8437.0	9157.0
3628.0	3672.0
11351.0	12653.0
9314.0	10190.0
9456.0	10354.0
4376.0	4431.0
3772.0	3820.0
7015.0	7479.0
9880.0	10869.0
565.0	571.0
4578.0	4639.0
1057.0	1071.0
9934.0	10939.0
1995.0	2011.0
9665.0	10604.0
3075.0	3102.0
11345.0	12647.0
2615.0	2639.0
8082.0	8741.0
2789.0	2814.0
51.0	54.0
1005.0	1019.0
2810.0	2835.0
505.0	512.0
2963.0	2989.0
2304.0	2323.0
8947.0	9757.0
2002.0	2018.0
511.0	518.0
8620.0	9377.0
9433.0	10327.0
3878.0	3927.0
7058.0	7529.0
244.0	248.0
6627.0	7011.0
4138.0	4192.0
253.0	257.0
8371.0	9077.0
3238.0	3268.0
2404.0	2427.0
5277.0	5378.0
8821.0	9603.0
4310.0	4365.0
11136.0	12394.0
1116.0	1132.0
4706.0	4774.0
8917.0	9725.0
7462.0	8006.0
8379.0	9088.0
5422.0	5558.0
57.0	60.0
5567.0	5734.0
3919.0	3969.0
11736.0	13100.0
5169.0	5250.0
1685.0	1697.0
4060.0	4112.0
7151.0	7637.0
1661.0	1672.0
2353.0	2374.0
5407.0	5537.0
1464.0	1475.0
4448.0	4505.0
10430.0	11536.0
9608.0	10539.0
1792.0	1806.0
2647.0	2672.0
4290.0	4345.0
6729.0	7134.0
3387.0	3426.0
5058.0	5131.0
4700.0	4768.0
447.0	454.0
8617.0	9374.0
804.0	815.0
6865.0	7300.0
2782.0	2807.0
11084.0	12328.0
2588.0	2612.0
5524.0	5685.0
11471.0	12795.0
6950.0	7406.0
8920.0	9729.0
5964.0	6209.0
2100.0	2115.0
1986.0	2001.0
6009.0	6265.0
2794.0	2819.0
3340.0	3375.0
3256.0	3291.0
9539.0	10454.0
10198.0	11256.0
7449.0	7988.0
7045.0	7514.0
6971.0	7433.0
210.0	214.0
1336.0	1346.0
4548.0	4609.0
6388.0	6728.0
8404.0	9118.0
6430.0	6772.0
9465.0	10369.0
7712.0	8299.0
95.0	98.0
9028.0	9851.0
10316.0	11399.0
4622.0	4688.0
3870.0	3919.0
5522.0	5683.0
2226.0	2244.0
4443.0	4500.0
9736.0	10699.0
9211.0	10068.0
10049.0	11089.0
10200.0	11258.0
4904.0	4973.0
230.0	234.0
11625.0	12981.0
8269.0	8957.0
1047.0	1061.0
11323.0	12623.0
1442.0	1453.0
5717.0	5912.0
5208.0	5293.0
5559.0	5725.0
10748.0	11909.0
8728.0	9493.0
2664.0	2689.0
7248.0	7757.0
829.0	841.0
1791.0	1805.0
7732.0	8326.0
8915.0	9723.0
2223.0	2241.0
11685.0	13048.0
4193.0	4248.0
10067.0	11111.0
6827.0	7244.0
3550.0	3590.0
1218.0	1227.0
5327.0	5446.0
9854.0	10841.0
3224.0	3254.0
7375.0	7901.0
4368.0	4423.0
11052.0	12289.0
1367.0	1377.0
3958.0	4009.0
203.0	207.0
5214.0	5300.0
3386.0	3425.0
11026.0	12251.0
2980.0	3006.0
2852.0	2878.0
6753.0	7160.0
11668.0	13028.0
3084.0	3111.0
2858.0	2884.0
3176.0	3203.0
5148.0	5225.0
11182.0	12447.0
3922.0	3972.0
2355.0	2376.0
7342.0	7863.0
605.0	611.0
35.0	37.0
5121.0	5195.0
5897.0	6130.0
7516.0	8070.0
10016.0	11045.0
7972.0	8605.0
4536.0	4596.0
62.0	65.0
11546.0	12885.0
11309.0	12604.0
9287.0	10161.0
614.0	620.0
2222.0	2240.0
11158.0	12417.0
177.0	180.0
10485.0	11602.0
4072.0	4124.0
746.0	756.0
8004.0	8641.0
211.0	215.0
1927.0	1942.0
10580.0	11707.0
11710.0	13073.0
8296.0	8991.0
8754.0	9522.0
9856.0	10843.0
6464.0	6810.0
4827.0	4895.0
3614.0	3656.0
9403.0	10292.0
10770.0	11942.0
11342.0	12641.0
11042.0	12276.0
10719.0	11874.0
2272.0	2291.0
1795.0	1809.0
3333.0	3368.0
789.0	800.0
4137.0	4191.0
4729.0	4797.0
5806.0	6024.0
1774.0	1788.0
11213.0	12487.0
7368.0	7894.0
5110.0	5184.0
7790.0	8395.0
2589.0	2613.0
8726.0	9491.0
7842.0	8458.0
654.0	662.0
2977.0	3003.0
9154.0	10001.0
2357.0	2378.0
8084.0	8743.0
4914.0	4983.0
6863.0	7298.0
11801.0	13171.0
9386.0	10272.0
4545.0	4606.0
10895.0	12091.0
8788.0	9564.0
10844.0	12029.0
1227.0	1236.0
4406.0	4461.0
5580.0	5749.0
5695.0	5887.0
9294.0	10168.0
2225.0	2243.0
5515.0	5677.0
5340.0	5462.0
587.0	593.0
3297.0	3331.0
11715.0	13079.0
11168.0	12428.0
3263.0	3298.0
9231.0	10092.0
9122.0	9965.0
1363.0	1373.0
6074.0	6340.0
7882.0	8498.0
4831.0	4899.0
5841.0	6065.0
2560.0	2584.0
11601.0	12950.0
7602.0	8169.0
9811.0	10787.0
4599.0	4661.0
8815.0	9596.0
8840.0	9635.0
2442.0	2465.0
5480.0	5635.0
8454.0	9175.0
9558.0	10479.0
7011.0	7474.0
467.0	474.0
4385.0	4440.0
11749.0	13113.0
2042.0	2058.0
7047.0	7516.0
5824.0	6043.0
8326.0	9023.0
2638.0	2663.0
8880.0	9683.0
2323.0	2343.0
11687.0	13050.0
4321.0	4376.0
420.0	427.0
11454.0	12774.0
7642.0	8218.0
11137.0	12395.0
14.0	14.0
7373.0	7899.0
2593.0	2617.0
2813.0	2838.0
2739.0	2764.0
9893.0	10885.0
167.0	170.0
2886.0	2911.0
3426.0	3465.0
8273.0	8962.0
9393.0	10280.0
6547.0	6908.0
6583.0	6960.0
7918.0	8542.0
9845.0	10829.0
5839.0	6063.0
344.0	350.0
2996.0	3022.0
10490.0	11607.0
3186.0	3214.0
5764.0	5969.0
3402.0	3441.0
3845.0	3894.0
10620.0	11752.0
8396.0	9110.0
5127.0	5201.0
11153.0	12412.0
8325.0	9022.0
8500.0	9229.0
3069.0	3096.0
4194.0	4249.0
1707.0	1721.0
2921.0	2947.0
1955.0	1970.0
3655.0	3699.0
608.0	614.0
1174.0	1190.0
4647.0	4713.0
332.0	337.0
1640.0	1649.0
6634.0	7019.0
500.0	507.0
6922.0	7367.0
4883.0	4952.0
2023.0	2039.0
5001.0	5073.0
8937.0	9746.0
10826.0	12006.0
5213.0	5299.0
10208.0	11266.0
6124.0	6408.0
9998.0	11024.0
6772.0	7178.0
3777.0	3826.0
8804.0	9583.0
4747.0	4816.0
4373.0	4428.0
1962.0	1977.0
644.0	652.0
25.0	26.0
7908.0	8532.0
5929.0	6165.0
8015.0	8655.0
7224.0	7728.0
800.0	811.0
4435.0	4491.0
1802.0	1816.0
5745.0	5945.0
1645.0	1654.0
561.0	567.0
11041.0	12275.0
7362.0	7887.0
3123.0	3150.0
6196.0	6493.0
4842.0	4910.0
7202.0	7702.0
10737.0	11895.0
979.0	993.0
2132.0	2148.0
9911.0	10910.0
7366.0	7891.0
146.0	149.0
5500.0	5658.0
3734.0	3780.0
872.0	884.0
8643.0	9400.0
5998.0	6251.0
1325.0	1335.0
7543.0	8101.0
2195.0	2212.0
3207.0	3236.0
3867.0	3916.0
6246.0	6553.0
2457.0	2480.0
2879.0	2904.0
5346.0	5468.0
11128.0	12382.0
6676.0	7072.0
4569.0	4630.0
340.0	345.0
361.0	367.0
219.0	223.0
7900.0	8523.0
94.0	97.0
3045.0	3071.0
10753.0	11915.0
3676.0	3721.0
2415.0	2438.0
1087.0	1103.0
8630.0	9387.0
7489.0	8038.0
10396.0	11498.0
10929.0	12136.0
6777.0	7183.0
9225.0	10085.0
5827.0	6048.0
11179.0	12442.0
1505.0	1515.0
4624.0	4690.0
4570.0	4631.0
423.0	430.0
9862.0	10850.0
4471.0	4529.0
4527.0	4586.0
6655.0	7048.0
10055.0	11098.0
326.0	331.0
3305.0	3339.0
23.0	24.0
9005.0	9825.0
7233.0	7738.0
8351.0	9053.0
376.0	383.0
372.0	379.0
9077.0	9912.0
5568.0	5735.0
8378.0	9086.0
34.0	36.0
9669.0	10608.0
137.0	140.0
5576.0	5745.0
4507.0	4566.0
5471.0	5625.0
4886.0	4955.0
5300.0	5411.0
7232.0	7737.0
3135.0	3162.0
227.0	231.0
1806.0	1820.0
4907.0	4976.0
8581.0	9331.0
3365.0	3402.0
11783.0	13150.0
3337.0	3372.0
9684.0	10630.0
3077.0	3104.0
10651.0	11789.0
11563.0	12906.0
10296.0	11375.0
7156.0	7642.0
7236.0	7743.0
3255.0	3290.0
11305.0	12598.0
10444.0	11553.0
1688.0	1700.0
4417.0	4472.0
1157.0	1173.0
8872.0	9674.0
10712.0	11866.0
7488.0	8037.0
11778.0	13143.0
7638.0	8214.0
9369.0	10254.0
7177.0	7669.0
8120.0	8788.0
8286.0	8980.0
3080.0	3107.0
2465.0	2488.0
11269.0	12557.0
9979.0	10997.0
7392.0	7918.0
5381.0	5509.0
1765.0	1779.0
7277.0	7792.0
407.0	414.0
2952.0	2978.0
1125.0	1141.0
7532.0	8089.0
1441.0	1452.0
8282.0	8972.0
3948.0	3999.0
2206.0	2223.0
9625.0	10556.0
2431.0	2454.0
11275.0	12564.0
11747.0	13111.0
11587.0	12932.0
10934.0	12142.0
8073.0	8730.0
10207.0	11265.0
643.0	651.0
1799.0	1813.0
9783.0	10753.0
4858.0	4926.0
2039.0	2055.0
238.0	242.0
8645.0	9403.0
926.0	939.0
7452.0	7991.0
9139.0	9985.0
5941.0	6180.0
3485.0	3523.0
10391.0	11492.0
11120.0	12374.0
8255.0	8942.0
3119.0	3146.0
4587.0	4649.0
2077.0	2093.0
8816.0	9597.0
72.0	75.0
7552.0	8110.0
2728.0	2753.0
3741.0	3787.0
4121.0	4174.0
2110.0	2125.0
8012.0	8651.0
3204.0	3233.0
10191.0	11247.0
3963.0	4014.0
6269.0	6583.0
421.0	428.0
4592.0	4654.0
278.0	282.0
5863.0	6090.0
10242.0	11305.0
3439.0	3478.0
4616.0	4682.0
3561.0	3601.0
961.0	975.0
1980.0	1995.0
1486.0	1496.0
9064.0	9894.0
2183.0	2200.0
2684.0	2709.0
4518.0	4577.0
7437.0	7974.0
9818.0	10794.0
399.0	406.0
4064.0	4116.0
4732.0	4801.0
3019.0	3045.0
8806.0	9584.0
7615.0	8181.0
3066.0	3093.0
263.0	267.0
2004.0	2020.0
9362.0	10246.0
3960.0	4011.0
1870.0	1885.0
10732.0	11887.0
1934.0	1949.0
9441.0	10337.0
9828.0	10805.0
7865.0	8479.0
562.0	568.0
4155.0	4209.0
10881.0	12075.0
10940.0	12149.0
1071.0	1085.0
6507.0	6861.0
396.0	403.0
8182.0	8864.0
4610.0	4675.0
1032.0	1046.0
73.0	76.0
6959.0	7418.0
3682.0	3727.0
366.0	372.0
5451.0	5599.0
7018.0	7485.0
4484.0	4542.0
1203.0	1213.0
6129.0	6413.0
4248.0	4303.0
569.0	575.0
1975.0	1990.0
377.0	384.0
638.0	646.0
4512.0	4571.0
7472.0	8018.0
4228.0	4283.0
3414.0	3453.0
4884.0	4953.0
6530.0	6886.0
568.0	574.0
1494.0	1504.0
1159.0	1175.0
4452.0	4509.0
645.0	653.0
2619.0	2644.0
9799.0	10774.0
4365.0	4420.0
1705.0	1719.0
9931.0	10937.0
10019.0	11048.0
11125.0	12379.0
5019.0	5092.0
6624.0	7007.0
2991.0	3017.0
7497.0	8047.0
4848.0	4916.0
10751.0	11912.0
5014.0	5087.0
10608.0	11740.0
1797.0	1811.0
4182.0	4237.0
11391.0	12703.0
10779.0	11952.0
8202.0	8885.0
2011.0	2027.0
4703.0	4771.0
9881.0	10870.0
1745.0	1759.0
4196.0	4251.0
8971.0	9784.0
10201.0	11260.0
1430.0	1440.0
11457.0	12779.0
11771.0	13136.0
9107.0	9950.0
10519.0	11640.0
3881.0	3930.0
5018.0	5091.0
6677.0	7073.0
7227.0	7731.0
948.0	963.0
2596.0	2620.0
8292.0	8986.0
4257.0	4312.0
10134.0	11185.0
10356.0	11455.0
10325.0	11411.0
3183.0	3210.0
2029.0	2045.0
10280.0	11355.0
7336.0	7858.0
1751.0	1765.0
3865.0	3914.0
4546.0	4607.0
8218.0	8902.0
1892.0	1906.0
956.0	970.0
5152.0	5230.0
1913.0	1928.0
547.0	553.0
8690.0	9454.0
2871.0	2896.0
10456.0	11566.0
9789.0	10760.0
2896.0	2922.0
7905.0	8529.0
2602.0	2626.0
6738.0	7144.0
328.0	333.0
1788.0	1802.0
4307.0	4362.0
11267.0	12555.0
3898.0	3947.0
9816.0	10792.0
2133.0	2149.0
8387.0	9098.0
11070.0	12310.0
9351.0	10233.0
10002.0	11028.0
8028.0	8677.0
6693.0	7090.0
9258.0	10126.0
8747.0	9515.0
10695.0	11844.0
1307.0	1317.0
1118.0	1134.0
4393.0	4448.0
5960.0	6202.0
11757.0	13122.0
5250.0	5343.0
250.0	254.0
4674.0	4740.0
155.0	158.0
4007.0	4058.0
9857.0	10844.0
272.0	276.0
2074.0	2090.0
9250.0	10117.0
4123.0	4177.0
656.0	664.0
4141.0	4195.0
1770.0	1784.0
4604.0	4668.0
10781.0	11953.0
2131.0	2147.0
2910.0	2936.0
1983.0	1998.0
277.0	281.0
3454.0	3493.0
4408.0	4463.0
4483.0	4541.0
4147.0	4201.0
837.0	849.0
3626.0	3670.0
10663.0	11805.0
6125.0	6409.0
9399.0	10287.0
2467.0	2490.0
6467.0	6814.0
3839.0	3888.0
1134.0	1150.0
6719.0	7123.0
8974.0	9787.0
8871.0	9673.0
9062.0	9892.0
9802.0	10777.0
1226.0	1235.0
9382.0	10267.0
6882.0	7318.0
3071.0	3098.0
5504.0	5665.0
5308.0	5422.0
5867.0	6094.0
2883.0	2908.0
8656.0	9414.0
10000.0	11026.0
6799.0	7208.0
8834.0	9625.0
7915.0	8539.0
292.0	296.0
880.0	892.0
2632.0	2657.0
11744.0	13108.0
1301.0	1311.0
7249.0	7758.0
1158.0	1174.0
2475.0	2498.0
5461.0	5612.0
3376.0	3413.0
3858.0	3907.0
1882.0	1896.0
2417.0	2440.0
7315.0	7836.0
3397.0	3436.0
5419.0	5553.0
5257.0	5350.0
7655.0	8234.0
2466.0	2489.0
6533.0	6889.0
10923.0	12130.0
8330.0	9029.0
11201.0	12472.0
6424.0	6764.0
9089.0	9927.0
842.0	854.0
2939.0	2965.0
3818.0	3867.0
9416.0	10307.0
1490.0	1500.0
790.0	801.0
3877.0	3926.0
11390.0	12702.0
6875.0	7311.0
7816.0	8428.0
2962.0	2988.0
3246.0	3276.0
7688.0	8268.0
2379.0	2401.0
9806.0	10782.0
6479.0	6827.0
9877.0	10865.0
450.0	457.0
10977.0	12189.0
4525.0	4584.0
4122.0	4175.0
5395.0	5525.0
9255.0	10123.0
4372.0	4427.0
8563.0	9304.0
7072.0	7548.0
10434.0	11541.0
9378.0	10263.0
8562.0	9303.0
8200.0	8883.0
5639.0	5820.0
7017.0	7482.0
5172.0	5254.0
9010.0	9829.0
4590.0	4652.0
9135.0	9981.0
11307.0	12602.0
11790.0	13158.0
10994.0	12209.0
640.0	648.0
4979.0	5050.0
10362.0	11462.0
8303.0	9000.0
6235.0	6542.0
9152.0	9999.0
1664.0	1675.0
3462.0	3501.0
4465.0	4523.0
5382.0	5510.0
8486.0	9212.0
2333.0	2354.0
3652.0	3696.0
7750.0	8348.0
7891.0	8512.0
5771.0	5979.0
7742.0	8337.0
5095.0	5169.0
3321.0	3355.0
5299.0	5410.0
10433.0	11540.0
1414.0	1424.0
4959.0	5029.0
5385.0	5512.0
10908.0	12108.0
7718.0	8308.0
4584.0	4646.0
205.0	209.0
2410.0	2433.0
6691.0	7088.0
9079.0	9915.0
10069.0	11113.0
8886.0	9691.0
7213.0	7716.0
1327.0	1337.0
159.0	162.0
2395.0	2418.0
5683.0	5871.0
7805.0	8412.0
6249.0	6559.0
5212.0	5298.0
7073.0	7549.0
5390.0	5519.0
9858.0	10845.0
11502.0	12832.0
6793.0	7202.0
7444.0	7984.0
7428.0	7965.0
11458.0	12780.0
3589.0	3631.0
403.0	410.0
9617.0	10549.0
4985.0	5056.0
2403.0	2426.0
7690.0	8270.0
6296.0	6616.0
5885.0	6116.0
8287.0	8981.0
8567.0	9309.0
4181.0	4236.0
2776.0	2801.0
5338.0	5459.0
1015.0	1029.0
10127.0	11178.0
11660.0	13020.0
9045.0	9871.0
4398.0	4453.0
5393.0	5522.0
1054.0	1068.0
1719.0	1733.0
852.0	864.0
2196.0	2213.0
8493.0	9220.0
4952.0	5022.0
3384.0	3423.0
571.0	577.0
7450.0	7989.0
1193.0	1203.0
3392.0	3431.0
10404.0	11506.0
11288.0	12579.0
7524.0	8078.0
8667.0	9429.0
11334.0	12632.0
10590.0	11718.0
2494.0	2517.0
3314.0	3348.0
6260.0	6573.0
11373.0	12678.0
7380.0	7906.0
9876.0	10864.0
5888.0	6120.0
10919.0	12125.0
7941.0	8571.0
6218.0	6523.0
11486.0	12810.0
246.0	250.0
8519.0	9252.0
3206.0	3235.0
2822.0	2847.0
8232.0	8918.0
777.0	788.0
1362.0	1372.0
2311.0	2330.0
53.0	56.0
4314.0	4369.0
9823.0	10800.0
7097.0	7580.0
10946.0	12156.0
7199.0	7699.0
7932.0	8560.0
47.0	50.0
3630.0	3674.0
830.0	842.0
2336.0	2357.0
4210.0	4265.0
5135.0	5210.0
1399.0	1409.0
151.0	154.0
10225.0	11286.0
6516.0	6873.0
6252.0	6564.0
3704.0	3750.0
4957.0	5027.0
3590.0	3632.0
8568.0	9310.0
2204.0	2221.0
6647.0	7037.0
4224.0	4279.0
8474.0	9196.0
1371.0	1381.0
3146.0	3173.0
3196.0	3224.0
5845.0	6069.0
1290.0	1300.0
5000.0	5072.0
255.0	259.0
7395.0	7921.0
10350.0	11446.0
762.0	772.0
11646.0	13005.0
2236.0	2254.0
610.0	616.0
3609.0	3651.0
9825.0	10802.0
9240.0	10106.0
2695.0	2720.0
2120.0	2135.0
4142.0	4196.0
3732.0	3778.0
6272.0	6586.0
6500.0	6853.0
9011.0	9830.0
4247.0	4302.0
7036.0	7505.0
6362.0	6695.0
3745.0	3793.0
1793.0	1807.0
6440.0	6784.0
4597.0	4659.0
4911.0	4980.0
3850.0	3899.0
3739.0	3785.0
7393.0	7919.0
8382.0	9092.0
1408.0	1418.0
5462.0	5613.0
4958.0	5028.0
9514.0	10421.0
6442.0	6786.0
11506.0	12836.0
7114.0	7597.0
7387.0	7913.0
3956.0	4007.0
45.0	48.0
7973.0	8606.0
10247.0	11310.0
2380.0	2402.0
10365.0	11465.0
10854.0	12041.0
2250.0	2269.0
11702.0	13065.0
4346.0	4401.0
8580.0	9329.0
8424.0	9140.0
4254.0	4309.0
499.0	506.0
2998.0	3024.0
9794.0	10767.0
11495.0	12821.0
2216.0	2234.0
5089.0	5163.0
381.0	388.0
874.0	886.0
3723.0	3769.0
7521.0	8075.0
4089.0	4141.0
2719.0	2744.0
8490.0	9217.0
9224.0	10084.0
10523.0	11645.0
9216.0	10075.0
10080.0	11124.0
9347.0	10229.0
6405.0	6746.0
2253.0	2272.0
8077.0	8735.0
6908.0	7350.0
294.0	298.0
3994.0	4045.0
3862.0	3911.0
10209.0	11267.0
6247.0	6555.0
10437.0	11545.0
1263.0	1272.0
9268.0	10138.0
11222.0	12498.0
3778.0	3827.0
5680.0	5866.0
525.0	531.0
10897.0	12095.0
5.0	5.0
1931.0	1946.0
9140.0	9986.0
10086.0	11130.0
3779.0	3828.0
3190.0	3218.0
7266.0	7780.0
7494.0	8044.0
8836.0	9628.0
8507.0	9237.0
5909.0	6146.0
4605.0	4669.0
6701.0	7100.0
2663.0	2688.0
11215.0	12489.0
11784.0	13151.0
2984.0	3010.0
6686.0	7083.0
6826.0	7242.0
10947.0	12157.0
4538.0	4598.0
4969.0	5039.0
5273.0	5371.0
2448.0	2471.0
1971.0	1986.0
985.0	999.0
6603.0	6983.0
8719.0	9483.0
2970.0	2996.0
9797.0	10771.0
9512.0	10419.0
10506.0	11627.0
121.0	124.0
7807.0	8415.0
9484.0	10387.0
4407.0	4462.0
5569.0	5736.0
2071.0	2087.0
2846.0	2872.0
10733.0	11889.0
8612.0	9368.0
482.0	489.0
6371.0	6707.0
3627.0	3671.0
1388.0	1398.0
365.0	371.0
1079.0	1095.0
8257.0	8944.0
8256.0	8943.0
8076.0	8734.0
311.0	315.0
5509.0	5671.0
1207.0	1216.0
363.0	369.0
1086.0	1102.0
84.0	87.0
1261.0	1270.0
5562.0	5728.0
6814.0	7228.0
4963.0	5033.0
10687.0	11834.0
4725.0	4793.0
5162.0	5243.0
701.0	709.0
6628.0	7012.0
5630.0	5809.0
9125.0	9969.0
6325.0	6655.0
9115.0	9958.0
10699.0	11848.0
7827.0	8440.0
11033.0	12261.0
7733.0	8327.0
2399.0	2422.0
11036.0	12266.0
572.0	578.0
8235.0	8921.0
10258.0	11324.0
3753.0	3801.0
8495.0	9223.0
10493.0	11612.0
1655.0	1666.0
9631.0	10563.0
4220.0	4275.0
445.0	452.0
3203.0	3232.0
628.0	635.0
901.0	914.0
1097.0	1113.0
9228.0	10088.0
11169.0	12429.0
9685.0	10631.0
5081.0	5154.0
1712.0	1726.0
11195.0	12460.0
4697.0	4765.0
10846.0	12031.0
1049.0	1063.0
6280.0	6596.0
3001.0	3027.0
11637.0	12995.0
6267.0	6581.0
5144.0	5220.0
9913.0	10912.0
8081.0	8740.0
6420.0	6761.0
3109.0	3136.0
10576.0	11702.0
2965.0	2991.0
2972.0	2998.0
5788.0	6001.0
822.0	834.0
2585.0	2609.0
6135.0	6419.0
8283.0	8973.0
3234.0	3264.0
7572.0	8132.0
5640.0	5821.0
10531.0	11653.0
2582.0	2606.0
10980.0	12192.0
9494.0	10400.0
5349.0	5472.0
2881.0	2906.0
7126.0	7610.0
637.0	645.0
4500.0	4559.0
1143.0	1159.0
1285.0	1295.0
2809.0	2834.0
5933.0	6169.0
8551.0	9289.0
2608.0	2632.0
5935.0	6172.0
3191.0	3219.0
6977.0	7439.0
4562.0	4623.0
4459.0	4516.0
5397.0	5527.0
9449.0	10346.0
3517.0	3555.0
4691.0	4759.0
9184.0	10038.0
6491.0	6840.0
10756.0	11918.0
4430.0	4486.0
8356.0	9058.0
2666.0	2691.0
7811.0	8420.0
6595.0	6975.0
11662.0	13022.0
494.0	501.0
5995.0	6247.0
521.0	527.0
8891.0	9697.0
7119.0	7601.0
1897.0	1912.0
8440.0	9160.0
6373.0	6709.0
3351.0	3388.0
1711.0	1725.0
11113.0	12367.0
5854.0	6082.0
6832.0	7250.0
9995.0	11018.0
6036.0	6293.0
3698.0	3744.0
9704.0	10656.0
1389.0	1399.0
7556.0	8116.0
11628.0	12984.0
691.0	699.0
1162.0	1178.0
601.0	607.0
2299.0	2318.0
4315.0	4370.0
8061.0	8717.0
2733.0	2758.0
3776.0	3825.0
10479.0	11594.0
1205.0	1214.0
2847.0	2873.0
2652.0	2677.0
9520.0	10426.0
2397.0	2420.0
495.0	502.0
2185.0	2202.0
10875.0	12069.0
10386.0	11486.0
1684.0	1696.0
3192.0	3220.0
5108.0	5182.0
1247.0	1256.0
8147.0	8818.0
3654.0	3698.0
6501.0	6854.0
7504.0	8054.0
3253.0	3283.0
10971.0	12183.0
3359.0	3396.0
2888.0	2913.0
7104.0	7586.0
1142.0	1158.0
4357.0	4412.0
3979.0	4030.0
3051.0	3077.0
11608.0	12958.0
11732.0	13095.0
2544.0	2568.0
4702.0	4770.0
142.0	145.0
3683.0	3728.0
4287.0	4342.0
5414.0	5546.0
9175.0	10030.0
5173.0	5255.0
5979.0	6228.0
7145.0	7630.0
3980.0	4031.0
4475.0	4533.0
10150.0	11203.0
8874.0	9676.0
10103.0	11148.0
5207.0	5292.0
10556.0	11681.0
6797.0	7206.0
2795.0	2820.0
7745.0	8342.0
4514.0	4573.0
9948.0	10959.0
1757.0	1771.0
10767.0	11938.0
3231.0	3261.0
8238.0	8925.0
2581.0	2605.0
1868.0	1883.0
1075.0	1090.0
8336.0	9036.0
1378.0	1388.0
7230.0	7734.0
5171.0	5253.0
647.0	655.0
1198.0	1208.0
5584.0	5754.0
4003.0	4054.0
1937.0	1952.0
4749.0	4818.0
9565.0	10485.0
3226.0	3256.0
7383.0	7909.0
532.0	538.0
11285.0	12576.0
2384.0	2406.0
10764.0	11933.0
4229.0	4284.0
11497.0	12823.0
1212.0	1221.0
7577.0	8139.0
3384.0	3423.0
320.0	324.0
10371.0	11471.0
7317.0	7838.0
11484.0	12808.0
11731.0	13094.0
2349.0	2370.0
11049.0	12286.0
7088.0	7568.0
8390.0	9101.0
4396.0	4451.0
840.0	852.0
5386.0	5513.0
7548.0	8106.0
812.0	823.0
10118.0	11168.0
10438.0	11546.0
5535.0	5697.0
5476.0	5631.0
1220.0	1229.0
4421.0	4476.0
8344.0	9046.0
7295.0	7812.0
1959.0	1974.0
810.0	821.0
7884.0	8501.0
2612.0	2636.0
6140.0	6426.0
4887.0	4956.0
3972.0	4023.0
8522.0	9255.0
949.0	964.0
7519.0	8073.0
7355.0	7880.0
10385.0	11485.0
6851.0	7281.0
9653.0	10589.0
11410.0	12726.0
7945.0	8576.0
6019.0	6277.0
308.0	312.0
9144.0	9990.0
1249.0	1258.0
10992.0	12207.0
7146.0	7631.0
5996.0	6249.0
8973.0	9786.0
10565.0	11691.0
4084.0	4136.0
4107.0	4160.0
9716.0	10670.0
6383.0	6722.0
3560.0	3600.0
866.0	878.0
10968.0	12179.0
8415.0	9129.0
5094.0	5168.0
5956.0	6196.0
4016.0	4067.0
648.0	656.0
4083.0	4135.0
4419.0	4474.0
5615.0	5788.0
11789.0	13157.0
6408.0	6749.0
4826.0	4894.0
603.0	609.0
2698.0	2723.0
5455.0	5604.0
819.0	831.0
2731.0	2756.0
2905.0	2931.0
4617.0	4683.0
459.0	466.0
11773.0	13138.0
4158.0	4212.0
5946.0	6185.0
8536.0	9271.0
11532.0	12867.0
3099.0	3126.0
1956.0	1971.0
9244.0	10111.0
2651.0	2676.0
313.0	317.0
6965.0	7426.0
207.0	211.0
6769.0	7176.0
3399.0	3438.0
11012.0	12237.0
10168.0	11222.0
10558.0	11683.0
11259.0	12545.0
2563.0	2587.0
7703.0	8289.0
9020.0	9841.0
10210.0	11268.0
4371.0	4426.0
9917.0	10918.0
8764.0	9534.0
8136.0	8805.0
7751.0	8349.0
5411.0	5541.0
8233.0	8919.0
3131.0	3158.0
8139.0	8808.0
217.0	221.0
1084.0	1100.0
3924.0	3974.0
6899.0	7338.0
957.0	971.0
1056.0	1070.0
4362.0	4417.0
3459.0	3498.0
7218.0	7721.0
9055.0	9885.0
2237.0	2255.0
11793.0	13162.0
8861.0	9662.0
4575.0	4636.0
112.0	115.0
2372.0	2394.0
582.0	588.0
8950.0	9761.0
1211.0	1220.0
2366.0	2388.0
7347.0	7870.0
9305.0	10180.0
3931.0	3981.0
1767.0	1781.0
11697.0	13059.0
9833.0	10814.0
9656.0	10593.0
542.0	548.0
5710.0	5904.0
9901.0	10894.0
3455.0	3494.0
5751.0	5954.0
6194.0	6489.0
4724.0	4792.0
8133.0	8802.0
7708.0	8294.0
5864.0	6091.0
9740.0	10702.0
7943.0	8573.0
102.0	105.0
43.0	46.0
1776.0	1790.0
7649.0	8227.0
10449.0	11559.0
4013.0	4064.0
476.0	483.0
5059.0	5132.0
1150.0	1166.0
9198.0	10052.0
2779.0	2804.0
2259.0	2278.0
3996.0	4047.0
4188.0	4243.0
3225.0	3255.0
1423.0	1433.0
3323.0	3357.0
10274.0	11347.0
4856.0	4924.0
11577.0	12922.0
11189.0	12454.0
10425.0	11530.0
1149.0	1165.0
2144.0	2160.0
1392.0	1402.0
7598.0	8164.0
1340.0	1350.0
9688.0	10636.0
4268.0	4323.0
1631.0	1640.0
4424.0	4480.0
3896.0	3945.0
10616.0	11748.0
37.0	39.0
3857.0	3906.0
449.0	456.0
7197.0	7696.0
10041.0	11079.0
11661.0	13021.0
4478.0	4536.0
10323.0	11409.0
7116.0	7599.0
400.0	407.0
10634.0	11770.0
4480.0	4538.0
10686.0	11833.0
6478.0	6826.0
10562.0	11688.0
1784.0	1798.0
10847.0	12032.0
7540.0	8098.0
9792.0	10765.0
39.0	42.0
2798.0	2823.0
3157.0	3184.0
10241.0	11304.0
411.0	418.0
3553.0	3593.0
10765.0	11934.0
5107.0	5181.0
4168.0	4223.0
11198.0	12466.0
8659.0	9418.0
959.0	973.0
10230.0	11292.0
2650.0	2675.0
9200.0	10054.0
2505.0	2528.0
3159.0	3186.0
9065.0	9895.0
3482.0	3520.0
4456.0	4513.0
5723.0	5918.0
8161.0	8837.0
10696.0	11845.0
11176.0	12438.0
10232.0	11294.0
5002.0	5074.0
4004.0	4055.0
2239.0	2257.0
9443.0	10340.0
599.0	605.0
2510.0	2533.0
3214.0	3244.0
7576.0	8138.0
9415.0	10306.0
11216.0	12490.0
10820.0	11998.0
9249.0	10116.0
237.0	241.0
379.0	386.0
9681.0	10627.0
4460.0	4518.0
4994.0	5066.0
6189.0	6483.0
9148.0	9995.0
3586.0	3628.0
324.0	329.0
7207.0	7709.0
2630.0	2655.0
8092.0	8751.0
999.0	1013.0
1993.0	2009.0
2679.0	2704.0
5754.0	5958.0
8746.0	9514.0
5598.0	5769.0
11230.0	12507.0
7774.0	8376.0
2892.0	2917.0
8720.0	9484.0
4892.0	4961.0
8027.0	8676.0
3221.0	3251.0
6699.0	7097.0
10912.0	12114.0
6266.0	6580.0
898.0	911.0
149.0	152.0
9969.0	10985.0
8590.0	9341.0
10331.0	11420.0
9755.0	10717.0
943.0	958.0
4524.0	4583.0
659.0	667.0
10340.0	11432.0
527.0	533.0
3458.0	3497.0
10667.0	11809.0
2513.0	2536.0
3216.0	3246.0
8802.0	9581.0
10614.0	11745.0
7123.0	7605.0
11029.0	12256.0
3836.0	3885.0
996.0	1010.0
9982.0	11001.0
3927.0	3977.0
7813.0	8422.0
6900.0	7339.0
6589.0	6968.0
7639.0	8215.0
4413.0	4468.0
11533.0	12868.0
10731.0	11886.0
2539.0	2563.0
4574.0	4635.0
7446.0	7986.0
3964.0	4015.0
468.0	475.0
10148.0	11201.0
318.0	322.0
6448.0	6795.0
1310.0	1320.0
11008.0	12231.0
3300.0	3334.0
5118.0	5192.0
180.0	183.0
3894.0	3943.0
4420.0	4475.0
4594.0	4656.0
8953.0	9765.0
7400.0	7929.0
1410.0	1420.0
9753.0	10715.0
50.0	53.0
3072.0	3099.0
8314.0	9009.0
2459.0	2482.0
4589.0	4651.0
9853.0	10840.0
3124.0	3151.0
3211.0	3241.0
5748.0	5950.0
11139.0	12397.0
7306.0	7825.0
4621.0	4687.0
2033.0	2049.0
6808.0	7222.0
6737.0	7143.0
10436.0	11544.0
2435.0	2458.0
11463.0	12785.0
4285.0	4340.0
182.0	185.0
10684.0	11830.0
11142.0	12401.0
3313.0	3347.0
11741.0	13105.0
5986.0	6237.0
2317.0	2336.0
3499.0	3537.0
4308.0	4363.0
1687.0	1699.0
1819.0	1833.0
7881.0	8497.0
408.0	415.0
11800.0	13170.0
4522.0	4581.0
6681.0	7078.0
4619.0	4685.0
77.0	80.0
7892.0	8513.0
1732.0	1746.0
2111.0	2126.0
3161.0	3188.0
1755.0	1769.0
3202.0	3231.0
7339.0	7861.0
993.0	1007.0
7676.0	8256.0
353.0	359.0
9257.0	10125.0
158.0	161.0
1663.0	1674.0
10144.0	11195.0
312.0	316.0
2721.0	2746.0
7950.0	8584.0
10275.0	11348.0
8363.0	9069.0
8473.0	9195.0
3241.0	3271.0
1416.0	1426.0
9452.0	10349.0
11682.0	13045.0
11505.0	12835.0
10754.0	11916.0
7715.0	8303.0
9595.0	10522.0
7734.0	8328.0
5520.0	5681.0
8264.0	8951.0
1037.0	1051.0
10268.0	11338.0
8072.0	8729.0
4838.0	4906.0
225.0	229.0
4241.0	4296.0
7111.0	7594.0
2106.0	2121.0
6452.0	6798.0
4535.0	4595.0
10866.0	12055.0
2385.0	2407.0
3448.0	3487.0
187.0	190.0
7588.0	8151.0
11299.0	12592.0
6994.0	7458.0
6319.0	6645.0
4528.0	4587.0
10464.0	11577.0
7168.0	7658.0
5739.0	5939.0
4946.0	5015.0
6028.0	6285.0
1266.0	1275.0
3598.0	3640.0
2282.0	2301.0
1729.0	1743.0
10907.0	12107.0
360.0	366.0
4601.0	4663.0
4444.0	4501.0
588.0	594.0
2594.0	2618.0
3356.0	3393.0
9705.0	10657.0
7161.0	7650.0
5901.0	6134.0
7738.0	8333.0
6587.0	6966.0
5096.0	5170.0
5373.0	5499.0
316.0	320.0
7304.0	7823.0
657.0	665.0
1978.0	1993.0
11138.0	12396.0
7272.0	7787.0
6240.0	6547.0
5698.0	5890.0
3390.0	3429.0
6201.0	6498.0
5488.0	5645.0
9032.0	9856.0
9387.0	10273.0
10054.0	11096.0
798.0	809.0
417.0	424.0
4221.0	4276.0
4992.0	5064.0
7470.0	8016.0
9156.0	10003.0
3815.0	3864.0
3594.0	3636.0
8295.0	8990.0
9050.0	9878.0
4180.0	4235.0
1215.0	1224.0
6031.0	6288.0
6231.0	6538.0
11271.0	12559.0
4409.0	4464.0
5997.0	6250.0
6220.0	6525.0
6079.0	6345.0
3527.0	3565.0
609.0	615.0
11297.0	12590.0
4153.0	4207.0
6792.0	7200.0
3742.0	3788.0
10774.0	11947.0
3162.0	3189.0
9699.0	10649.0
6572.0	6945.0
6818.0	7231.0
2440.0	2463.0
8792.0	9569.0
3358.0	3395.0
1789.0	1803.0
10716.0	11871.0
2020.0	2036.0
9760.0	10722.0
693.0	701.0
8982.0	9798.0
8698.0	9461.0
813.0	824.0
11343.0	12644.0
4164.0	4219.0
5144.0	5220.0
5337.0	5458.0
8192.0	8875.0
8631.0	9388.0
1141.0	1157.0
8571.0	9314.0
2676.0	2701.0
9700.0	10651.0
10300.0	11378.0
3040.0	3066.0
9412.0	10302.0
4432.0	4488.0
4516.0	4575.0
1909.0	1924.0
6248.0	6558.0
460.0	467.0
6307.0	6630.0
8677.0	9440.0
3315.0	3349.0
6565.0	6934.0
8909.0	9717.0
2257.0	2276.0
4722.0	4790.0
4915.0	4984.0
1164.0	1180.0
3771.0	3819.0
4133.0	4187.0
682.0	690.0
4270.0	4325.0
5216.0	5302.0
1155.0	1171.0
6159.0	6448.0
9291.0	10165.0
4014.0	4065.0
3310.0	3344.0
2595.0	2619.0
9576.0	10499.0
7537.0	8095.0
10113.0	11162.0
262.0	266.0
12.0	12.0
2356.0	2377.0
6866.0	7301.0
3765.0	3813.0
11358.0	12661.0
2073.0	2089.0
3220.0	3250.0
886.0	898.0
3986.0	4037.0
5747.0	5948.0
1381.0	1391.0
8285.0	8977.0
1238.0	1247.0
10511.0	11632.0
4387.0	4442.0
4152.0	4206.0
10466.0	11579.0
8461.0	9184.0
1117.0	1133.0
5156.0	5236.0
3039.0	3065.0
2235.0	2253.0
853.0	865.0
1139.0	1155.0
9487.0	10391.0
3695.0	3741.0
10604.0	11735.0
490.0	497.0
8155.0	8827.0
8240.0	8927.0
5140.0	5215.0
1803.0	1817.0
4384.0	4439.0
4278.0	4333.0
3491.0	3529.0
10018.0	11047.0
8129.0	8797.0
1395.0	1405.0
9821.0	10797.0
4534.0	4594.0
9894.0	10886.0
2455.0	2478.0
5474.0	5628.0
5076.0	5149.0
10220.0	11281.0
10883.0	12077.0
1630.0	1639.0
2421.0	2444.0
11578.0	12923.0
10392.0	11493.0
9832.0	10810.0
2903.0	2929.0
6008.0	6264.0
6549.0	6911.0
9556.0	10477.0
9311.0	10187.0
6745.0	7152.0
8760.0	9530.0
11240.0	12520.0
3995.0	4046.0
4731.0	4800.0
8413.0	9127.0
8327.0	9024.0
3726.0	3772.0
5357.0	5482.0
4462.0	4520.0
2092.0	2107.0
11542.0	12880.0
8320.0	9015.0
9421.0	10315.0
5665.0	5849.0
4847.0	4915.0
4508.0	4567.0
1877.0	1892.0
7606.0	8172.0
2274.0	2293.0
3480.0	3518.0
11404.0	12718.0
2218.0	2236.0
9019.0	9840.0
3788.0	3837.0
7584.0	8147.0
1462.0	1473.0
11651.0	13010.0
9942.0	10948.0
5948.0	6188.0
4704.0	4772.0
6906.0	7348.0
5148.0	5225.0
11527.0	12861.0
8259.0	8946.0
3861.0	3910.0
7819.0	8431.0
1013.0	1027.0
6760.0	7168.0
2075.0	2091.0
9482.0	10385.0
3306.0	3340.0
3236.0	3266.0
2724.0	2749.0
7747.0	8345.0
2756.0	2781.0
3548.0	3588.0
6823.0	7239.0
4157.0	4211.0
10759.0	11925.0
1920.0	1935.0
6339.0	6669.0
7025.0	7493.0
4160.0	4214.0
6021.0	6279.0
7508.0	8060.0
10119.0	11170.0
4555.0	4616.0
4479.0	4537.0
864.0	876.0
6477.0	6825.0
7451.0	7990.0
456.0	463.0
11.0	11.0
1168.0	1184.0
2547.0	2571.0
4317.0	4372.0
1088.0	1104.0
9943.0	10949.0
6646.0	7035.0
11081.0	12325.0
3536.0	3574.0
1777.0	1791.0
3213.0	3243.0
8718.0	9482.0
380.0	387.0
4854.0	4922.0
10718.0	11873.0
394.0	401.0
6370.0	6704.0
2450.0	2473.0
4579.0	4640.0
8488.0	9214.0
5023.0	5096.0
8497.0	9225.0
11210.0	12483.0
3938.0	3988.0
6263.0	6577.0
2617.0	2641.0
2552.0	2576.0
2178.0	2195.0
9167.0	10019.0
5328.0	5447.0
3291.0	3325.0
9298.0	10173.0
9409.0	10299.0
593.0	599.0
2121.0	2136.0
11438.0	12758.0
9632.0	10564.0
9840.0	10821.0
1652.0	1663.0
6938.0	7392.0
110.0	113.0
4934.0	5003.0
2419.0	2442.0
11124.0	12378.0
4620.0	4686.0
7002.0	7466.0
6053.0	6313.0
11364.0	12668.0
8777.0	9551.0
680.0	688.0
9392.0	10279.0
8922.0	9731.0
200.0	203.0
5706.0	5900.0
4995.0	5067.0
2044.0	2060.0
11344.0	12645.0
1241.0	1250.0
6704.0	7104.0
10728.0	11883.0
7777.0	8379.0
9744.0	10705.0
7935.0	8562.0
9414.0	10305.0
6774.0	7180.0
1754.0	1768.0
4550.0	4611.0
11095.0	12342.0
4366.0	4421.0
7070.0	7545.0
5631.0	5811.0
7637.0	8213.0
8782.0	9556.0
619.0	626.0
7158.0	7646.0
8298.0	8993.0
2937.0	2963.0
67.0	70.0
11590.0	12936.0
9317.0	10194.0
8083.0	8742.0
2194.0	2211.0
7677.0	8257.0
5149.0	5226.0
10163.0	11217.0
11074.0	12316.0
8020.0	8665.0
10959.0	12169.0
5555.0	5720.0
673.0	681.0
2645.0	2670.0
10480.0	11595.0
9733.0	10695.0
2994.0	3020.0
2856.0	2882.0
3465.0	3504.0
26.0	27.0
1823.0	1837.0
3740.0	3786.0
1394.0	1404.0
3946.0	3997.0
7333.0	7856.0
11653.0	13012.0
11708.0	13071.0
1006.0	1020.0
4851.0	4919.0
5362.0	5487.0
79.0	82.0
65.0	68.0
2201.0	2218.0
5369.0	5496.0
8684.0	9447.0
11368.0	12673.0
10111.0	11160.0
1383.0	1393.0
6755.0	7163.0
36.0	38.0
236.0	240.0
7583.0	8146.0
3528.0	3566.0
803.0	814.0
477.0	484.0
4923.0	4992.0
11108.0	12361.0
5314.0	5430.0
2586.0	2610.0
3200.0	3228.0
9925.0	10928.0
7095.0	7578.0
3230.0	3260.0
9299.0	10174.0
8916.0	9724.0
9112.0	9955.0
8063.0	8719.0
44.0	47.0
3007.0	3033.0
3729.0	3775.0
1421.0	1431.0
8220.0	8904.0
3868.0	3917.0
4065.0	4117.0
1445.0	1456.0
2800.0	2825.0
7857.0	8473.0
2872.0	2897.0
5306.0	5419.0
3134.0	3161.0
5891.0	6124.0
7836.0	8451.0
2428.0	2451.0
2000.0	2016.0
9016.0	9837.0
6431.0	6773.0
7911.0	8535.0
9900.0	10893.0
5664.0	5848.0
9504.0	10411.0
5819.0	6038.0
5203.0	5287.0
2909.0	2935.0
7868.0	8483.0
7034.0	7503.0
393.0	400.0
6284.0	6601.0
3606.0	3647.0
38.0	40.0
436.0	443.0
4738.0	4807.0
5602.0	5773.0
2705.0	2730.0
11350.0	12652.0
776.0	787.0
10215.0	11274.0
9624.0	10555.0
4318.0	4373.0
6872.0	7307.0
2335.0	2356.0
1415.0	1425.0
4297.0	4352.0
5624.0	5801.0
8398.0	9112.0
1271.0	1281.0
2145.0	2161.0
8122.0	8790.0
652.0	660.0
88.0	91.0
9912.0	10911.0
3746.0	3794.0
2048.0	2064.0
2570.0	2594.0
1790.0	1804.0
5196.0	5280.0
6330.0	6660.0
135.0	138.0
767.0	777.0
11357.0	12660.0
183.0	186.0
9376.0	10261.0
1021.0	1035.0
4582.0	4643.0
3422.0	3461.0
5499.0	5657.0
4364.0	4419.0
4502.0	4561.0
3267.0	3302.0
4510.0	4569.0
7513.0	8066.0
10578.0	11704.0
2426.0	2449.0
8211.0	8893.0
2997.0	3023.0
8013.0	8653.0
11392.0	12705.0
143.0	146.0
3685.0	3731.0
11311.0	12608.0
976.0	990.0
7391.0	7917.0
7485.0	8034.0
4737.0	4806.0
2102.0	2117.0
5293.0	5401.0
4560.0	4621.0
1863.0	1878.0
672.0	680.0
8011.0	8650.0
4418.0	4473.0
4378.0	4433.0
11378.0	12685.0
4499.0	4558.0
5552.0	5717.0
4977.0	5048.0
6313.0	6638.0
6679.0	7076.0
1743.0	1757.0
2049.0	2065.0
8096.0	8757.0
3645.0	3689.0
10320.0	11405.0
5883.0	6114.0
2770.0	2795.0
8976.0	9789.0
7568.0	8127.0
6949.0	7405.0
11521.0	12853.0
3087.0	3114.0
3319.0	3353.0
1997.0	2013.0
11650.0	13009.0
10738.0	11896.0
2085.0	2101.0
5981.0	6230.0
8119.0	8787.0
2934.0	2960.0
6336.0	6666.0
9367.0	10252.0
4845.0	4913.0
290.0	294.0
8545.0	9281.0
48.0	51.0
8655.0	9413.0
5610.0	5783.0
10560.0	11685.0
106.0	109.0
7240.0	7748.0
757.0	767.0
8959.0	9773.0
11466.0	12789.0
5957.0	6197.0
1873.0	1888.0
3880.0	3929.0
4547.0	4608.0
171.0	174.0
8397.0	9111.0
4860.0	4928.0
9599.0	10527.0
1314.0	1324.0
3372.0	3409.0
8033.0	8685.0
2966.0	2992.0
2341.0	2362.0
9635.0	10569.0
5295.0	5403.0
93.0	96.0
1730.0	1744.0
4367.0	4422.0
4556.0	4617.0
8262.0	8949.0
3982.0	4033.0
1366.0	1376.0
8208.0	8890.0
1787.0	1801.0
2621.0	2646.0
10848.0	12034.0
4891.0	4960.0
3444.0	3483.0
9745.0	10706.0
5344.0	5466.0
3693.0	3739.0
5241.0	5332.0
4259.0	4314.0
6554.0	6917.0
8573.0	9316.0
10941.0	12151.0
11734.0	13098.0
2491.0	2514.0
4615.0	4681.0
282.0	286.0
1657.0	1668.0
7154.0	7640.0
3312.0	3346.0
4882.0	4951.0
5521.0	5682.0
81.0	84.0
5835.0	6058.0
4896.0	4965.0
4943.0	5012.0
2655.0	2680.0
4446.0	4503.0
7645.0	8222.0
7012.0	7475.0
4942.0	5011.0
4179.0	4234.0
11461.0	12783.0
9300.0	10175.0
6024.0	6282.0
2832.0	2858.0
5663.0	5847.0
6167.0	6458.0
10424.0	11529.0
6041.0	6298.0
5485.0	5640.0
6423.0	6763.0
215.0	219.0
10104.0	11149.0
4511.0	4570.0
11303.0	12596.0
4226.0	4281.0
5553.0	5718.0
1385.0	1395.0
731.0	741.0
1856.0	1871.0
7276.0	7791.0
10487.0	11604.0
4333.0	4388.0
9207.0	10064.0
2164.0	2181.0
5950.0	6190.0
512.0	519.0
11197.0	12464.0
6622.0	7005.0
10810.0	11988.0
2146.0	2162.0
6303.0	6626.0
11157.0	12416.0
1017.0	1031.0
3605.0	3646.0
117.0	120.0
1375.0	1385.0
3237.0	3267.0
2654.0	2679.0
4415.0	4470.0
3875.0	3924.0
1656.0	1667.0
4469.0	4527.0
8123.0	8791.0
809.0	820.0
10871.0	12063.0
6384.0	6723.0
9587.0	10513.0
11246.0	12528.0
3852.0	3901.0
10597.0	11728.0
11059.0	12296.0
190.0	193.0
3182.0	3209.0
8657.0	9415.0
7453.0	7993.0
3370.0	3407.0
3495.0	3533.0
10301.0	11379.0
5003.0	5075.0
1994.0	2010.0
1634.0	1643.0
2626.0	2651.0
7593.0	8158.0
6962.0	7422.0
3222.0	3252.0
5690.0	5880.0
8031.0	8682.0
5694.0	5886.0
4091.0	4144.0
11545.0	12884.0
9619.0	10551.0
10581.0	11708.0
9768.0	10731.0
8800.0	9579.0
1343.0	1353.0
7239.0	7747.0
5761.0	5966.0
3188.0	3216.0
11704.0	13067.0
8751.0	9519.0
46.0	49.0
7597.0	8163.0
2400.0	2423.0
705.0	713.0
2933.0	2959.0
1322.0	1332.0
3658.0	3702.0
3081.0	3108.0
683.0	691.0
11567.0	12911.0
7610.0	8176.0
8529.0	9264.0
2429.0	2452.0
8639.0	9395.0
3295.0	3329.0
5974.0	6224.0
9905.0	10900.0
8908.0	9716.0
10387.0	11487.0
10397.0	11499.0
1361.0	1371.0
10976.0	12188.0
2005.0	2021.0
11737.0	13101.0
11610.0	12960.0
5525.0	5687.0
8116.0	8782.0
8189.0	8871.0
7710.0	8296.0
228.0	232.0
967.0	981.0
1641.0	1650.0
1919.0	1934.0
426.0	433.0
11634.0	12992.0
5944.0	6183.0
4658.0	4724.0
7275.0	7790.0
591.0	597.0
10784.0	11957.0
3932.0	3982.0
10497.0	11617.0
9286.0	10158.0
1866.0	1881.0
6204.0	6503.0
6251.0	6563.0
10749.0	11910.0
6297.0	6617.0
119.0	122.0
415.0	422.0
6812.0	7226.0
602.0	608.0
10158.0	11212.0
3208.0	3237.0
2477.0	2500.0
4388.0	4443.0
6395.0	6735.0
6695.0	7093.0
9673.0	10614.0
7982.0	8617.0
2361.0	2382.0
10587.0	11715.0
1016.0	1030.0
7581.0	8143.0
2706.0	2731.0
10935.0	12143.0
7995.0	8631.0
4586.0	4648.0
6707.0	7109.0
3361.0	3398.0
8162.0	8838.0
9968.0	10984.0
425.0	432.0
2148.0	2164.0
10639.0	11775.0
4581.0	4642.0
793.0	804.0
7264.0	7777.0
11261.0	12547.0
6794.0	7203.0
753.0	763.0
9142.0	9988.0
5487.0	5643.0
5518.0	5679.0
983.0	997.0
10154.0	11208.0
2851.0	2877.0
6861.0	7296.0
5802.0	6018.0
10966.0	12177.0
4531.0	4590.0
6614.0	6996.0
6332.0	6662.0
105.0	108.0
6859.0	7294.0
2760.0	2785.0
6096.0	6368.0
2315.0	2334.0
2609.0	2633.0
4383.0	4438.0
6858.0	7293.0
103.0	106.0
8867.0	9668.0
4890.0	4959.0
4976.0	5047.0
1172.0	1188.0
10550.0	11675.0
5618.0	5792.0
4052.0	4104.0
1299.0	1309.0
444.0	451.0
99.0	102.0
1683.0	1695.0
9642.0	10577.0
2624.0	2649.0
11434.0	12753.0
6743.0	7149.0
9742.0	10703.0
3345.0	3380.0
7901.0	8524.0
6394.0	6734.0
3730.0	3776.0
3317.0	3351.0
8989.0	9808.0
7259.0	7771.0
5954.0	6194.0
9728.0	10685.0
9363.0	10247.0
6443.0	6789.0
498.0	505.0
33.0	35.0
4162.0	4217.0
4108.0	4161.0
3453.0	3492.0
3957.0	4008.0
162.0	165.0
9902.0	10895.0
409.0	416.0
8183.0	8865.0
11380.0	12690.0
8154.0	8826.0
4606.0	4670.0
5952.0	6192.0
1930.0	1945.0
2427.0	2450.0
11255.0	12541.0
6032.0	6289.0
7416.0	7949.0
4279.0	4334.0
4166.0	4221.0
9151.0	9998.0
11618.0	12973.0
7399.0	7927.0
9946.0	10953.0
8241.0	8928.0
7808.0	8416.0
4905.0	4974.0
1191.0	1201.0
6892.0	7330.0
224.0	228.0
8913.0	9721.0
524.0	530.0
11562.0	12905.0
10905.0	12104.0
711.0	721.0
3515.0	3553.0
1053.0	1067.0
8374.0	9082.0
28.0	29.0
11707.0	13070.0
4679.0	4746.0
529.0	535.0
1912.0	1927.0
9082.0	9918.0
4864.0	4932.0
9994.0	11017.0
2387.0	2409.0
2310.0	2329.0
7049.0	7520.0
9275.0	10146.0
10838.0	12021.0
1501.0	1511.0
3060.0	3086.0
666.0	674.0
5445.0	5591.0
3936.0	3986.0
7325.0	7848.0
5815.0	6034.0
3978.0	4029.0
2116.0	2131.0
7942.0	8572.0
1929.0	1944.0
8981.0	9797.0
2915.0	2941.0
4566.0	4627.0
7833.0	8448.0
8758.0	9528.0
4402.0	4457.0
10267.0	11337.0
6344.0	6674.0
7621.0	8191.0
9841.0	10824.0
4520.0	4579.0
10264.0	11332.0
2577.0	2601.0
287.0	291.0
4846.0	4914.0
4646.0	4712.0
2874.0	2899.0
7897.0	8519.0
531.0	537.0
8468.0	9191.0
5446.0	5594.0
11596.0	12944.0
4414.0	4469.0
8019.0	8663.0
8087.0	8746.0
11626.0	12982.0
10760.0	11926.0
2338.0	2359.0
1801.0	1815.0
1936.0	1951.0
6.0	6.0
7983.0	8618.0
3635.0	3679.0
10.0	10.0
11298.0	12591.0
2525.0	2548.0
4968.0	5038.0
3549.0	3589.0
7758.0	8357.0
178.0	181.0
8280.0	8970.0
1724.0	1738.0
337.0	342.0
3174.0	3201.0
3318.0	3352.0
5166.0	5247.0
7124.0	7607.0
9650.0	10586.0
6989.0	7452.0
5415.0	5547.0
4306.0	4361.0
4029.0	4081.0
11499.0	12827.0
296.0	300.0
4293.0	4348.0
5530.0	5692.0
6672.0	7068.0
6149.0	6437.0
6688.0	7085.0
2297.0	2316.0
10527.0	11649.0
1798.0	1812.0
11758.0	13123.0
1221.0	1230.0
4301.0	4356.0
6929.0	7379.0
1453.0	1464.0
5294.0	5402.0
352.0	358.0
8969.0	9782.0
3195.0	3223.0
3036.0	3062.0
6311.0	6636.0
8670.0	9432.0
1901.0	1916.0
1200.0	1210.0
10006.0	11032.0
10469.0	11582.0
5265.0	5359.0
10627.0	11759.0
2912.0	2938.0
8420.0	9135.0
10829.0	12011.0
5878.0	6108.0
6119.0	6402.0
7345.0	7866.0
6741.0	7147.0
2373.0	2395.0
1095.0	1111.0
123.0	125.0
752.0	762.0
1076.0	1091.0
1958.0	1973.0
2742.0	2767.0
9774.0	10744.0
4431.0	4487.0
4673.0	4739.0
133.0	136.0
3959.0	4010.0
10277.0	11350.0
11593.0	12940.0
6975.0	7437.0
616.0	622.0
6354.0	6687.0
2973.0	2999.0
1051.0	1065.0
2574.0	2598.0
6728.0	7132.0
184.0	187.0
6179.0	6471.0
8554.0	9292.0
6217.0	6522.0
10029.0	11065.0
7578.0	8140.0
4295.0	4350.0
5818.0	6037.0
8957.0	9771.0
4390.0	4445.0
3120.0	3147.0
6610.0	6992.0
4161.0	4216.0
7595.0	8161.0
5966.0	6211.0
5218.0	5305.0
2571.0	2595.0
5065.0	5138.0
11558.0	12901.0
11340.0	12639.0
10931.0	12138.0
9012.0	9832.0
4042.0	4094.0
3143.0	3170.0
260.0	264.0
685.0	693.0
10145.0	11196.0
270.0	274.0
5093.0	5167.0
428.0	435.0
5323.0	5442.0
2328.0	2349.0
6840.0	7265.0
8457.0	9179.0
10343.0	11435.0
10117.0	11167.0
2987.0	3013.0
11111.0	12364.0
4819.0	4888.0
1078.0	1094.0
6261.0	6574.0
8354.0	9056.0
8319.0	9014.0
1864.0	1879.0
5168.0	5249.0
75.0	78.0
3608.0	3650.0
2875.0	2900.0
4736.0	4805.0
1976.0	1991.0
7948.0	8581.0
2231.0	2249.0
11722.0	13084.0
4440.0	4496.0
808.0	819.0
188.0	191.0
6567.0	6937.0
8110.0	8776.0
3334.0	3369.0
4195.0	4250.0
5438.0	5581.0
6318.0	6644.0
5653.0	5835.0
5144.0	5220.0
4073.0	4125.0
940.0	955.0
5115.0	5189.0
4149.0	4203.0
4755.0	4823.0
1899.0	1914.0
20.0	21.0
2422.0	2445.0
8366.0	9071.0
6725.0	7130.0
10098.0	11143.0
5291.0	5399.0
8393.0	9104.0
1305.0	1315.0
7837.0	8452.0
1967.0	1982.0
10536.0	11658.0
1699.0	1713.0
4044.0	4096.0
8761.0	9531.0
5586.0	5756.0
783.0	794.0
371.0	378.0
10981.0	12193.0
573.0	579.0
5875.0	6105.0
11067.0	12307.0
9342.0	10224.0
3888.0	3937.0
11740.0	13103.0
4394.0	4449.0
5758.0	5963.0
10454.0	11564.0
11265.0	12551.0
5351.0	5473.0
5578.0	5747.0
4600.0	4662.0
4526.0	4585.0
11432.0	12750.0
18.0	19.0
3767.0	3815.0
10417.0	11521.0
5387.0	5514.0
10561.0	11686.0
9321.0	10198.0
6256.0	6567.0
163.0	166.0
9097.0	9939.0
11109.0	12362.0
4792.0	4861.0
10648.0	11784.0
5780.0	5992.0
7501.0	8051.0
11703.0	13066.0
4676.0	4743.0
8585.0	9335.0
2805.0	2830.0
2024.0	2040.0
10091.0	11136.0
7801.0	8408.0
11079.0	12323.0
1625.0	1635.0
5590.0	5760.0
639.0	647.0
11795.0	13164.0
3823.0	3872.0
9192.0	10047.0
8654.0	9412.0
269.0	273.0
6295.0	6615.0
2759.0	2784.0
1817.0	1831.0
7618.0	8188.0
843.0	855.0
1783.0	1797.0
7582.0	8144.0
8895.0	9701.0
5224.0	5313.0
7574.0	8135.0
11313.0	12610.0
2324.0	2344.0
6450.0	6796.0
2208.0	2225.0
29.0	30.0
8756.0	9525.0
2826.0	2851.0
231.0	235.0
3869.0	3918.0
6184.0	6475.0
7617.0	8185.0
8972.0	9785.0
8239.0	8926.0
6853.0	7284.0
9882.0	10871.0
9690.0	10637.0
6273.0	6587.0
1257.0	1266.0
5834.0	6057.0
11302.0	12595.0
5542.0	5705.0
7780.0	8383.0
8179.0	8861.0
9937.0	10942.0
6178.0	6470.0
802.0	813.0
552.0	558.0
152.0	155.0
2141.0	2157.0
739.0	749.0
1446.0	1457.0
9341.0	10222.0
281.0	285.0
6636.0	7022.0
1471.0	1482.0
3871.0	3920.0
11531.0	12866.0
5890.0	6122.0
355.0	361.0
7222.0	7725.0
6337.0	6667.0
10070.0	11114.0
115.0	118.0
2634.0	2659.0
8375.0	9083.0
5166.0	5247.0
4382.0	4437.0
3511.0	3549.0
6967.0	7428.0
5583.0	5752.0
2532.0	2556.0
11338.0	12637.0
191.0	194.0
9505.0	10412.0
3009.0	3035.0
904.0	917.0
4609.0	4674.0
5707.0	5901.0
305.0	309.0
11456.0	12778.0
6946.0	7402.0
11245.0	12527.0
1355.0	1365.0
323.0	328.0
9640.0	10575.0
9810.0	10786.0
5244.0	5335.0
7549.0	8107.0
8206.0	8888.0
5307.0	5421.0
3593.0	3635.0
2318.0	2337.0
836.0	848.0
9374.0	10259.0
513.0	520.0
3419.0	3458.0
10022.0	11051.0
11025.0	12250.0
4873.0	4941.0
4832.0	4900.0
3105.0	3132.0
4192.0	4247.0
8855.0	9654.0
8523.0	9256.0
6552.0	6915.0
1391.0	1401.0
2989.0	3015.0
346.0	352.0
2193.0	2210.0
2086.0	2102.0
954.0	969.0
9767.0	10730.0
5403.0	5532.0
164.0	167.0
10177.0	11231.0
894.0	907.0
4830.0	4898.0
8624.0	9379.0
4386.0	4441.0
6232.0	6539.0
8520.0	9253.0
2526.0	2549.0
2825.0	2850.0
4936.0	5005.0
11082.0	12326.0
4909.0	4978.0
4971.0	5041.0
576.0	582.0
9417.0	10309.0
10546.0	11669.0
3769.0	3817.0
3259.0	3294.0
9715.0	10669.0
10322.0	11408.0
3299.0	3333.0
6093.0	6365.0
212.0	216.0
10819.0	11997.0
5924.0	6160.0
5166.0	5247.0
10059.0	11103.0
7120.0	7602.0
1675.0	1686.0
9042.0	9867.0
1693.0	1706.0
3261.0	3296.0
4572.0	4633.0
630.0	638.0
5790.0	6005.0
298.0	302.0
2209.0	2226.0
2583.0	2607.0
7815.0	8426.0
6849.0	7276.0
8022.0	8668.0
3790.0	3839.0
580.0	586.0
11355.0	12657.0
5701.0	5894.0
2686.0	2711.0
5210.0	5295.0
6357.0	6690.0
10725.0	11880.0
5895.0	6128.0
3873.0	3922.0
8098.0	8761.0
7557.0	8117.0
5951.0	6191.0
7490.0	8039.0
8798.0	9575.0
9389.0	10275.0
4533.0	4593.0
104.0	107.0
3547.0	3587.0
2407.0	2430.0
8418.0	9132.0
4629.0	4695.0
6141.0	6427.0
5211.0	5296.0
6183.0	6474.0
2449.0	2472.0
6347.0	6679.0
11395.0	12708.0
4559.0	4620.0
7455.0	7995.0
3935.0	3985.0
4215.0	4270.0
402.0	409.0
11014.0	12239.0
8010.0	8649.0
11494.0	12819.0
4222.0	4277.0
3773.0	3822.0
1692.0	1705.0
885.0	897.0
989.0	1003.0
6541.0	6900.0
2954.0	2980.0
7171.0	7661.0
2898.0	2924.0
9080.0	9916.0
8858.0	9658.0
2763.0	2788.0
9531.0	10443.0
3725.0	3771.0
624.0	631.0
1231.0	1240.0
9914.0	10913.0
4442.0	4499.0
10518.0	11639.0
7231.0	7736.0
6445.0	6791.0
2058.0	2074.0
5249.0	5341.0
7717.0	8307.0
10423.0	11528.0
4045.0	4097.0
10640.0	11776.0
2224.0	2242.0
6754.0	7161.0
5374.0	5500.0
2524.0	2547.0
9732.0	10694.0
6474.0	6822.0
5274.0	5374.0
3210.0	3240.0
6931.0	7381.0
193.0	196.0
2451.0	2474.0
4202.0	4257.0
55.0	58.0
1436.0	1446.0
82.0	85.0
1146.0	1162.0
7607.0	8173.0
4872.0	4940.0
276.0	280.0
9691.0	10638.0
5831.0	6054.0
6076.0	6342.0
4921.0	4990.0
9236.0	10100.0
4213.0	4268.0
8062.0	8718.0
1256.0	1265.0
10572.0	11698.0
1165.0	1181.0
71.0	74.0
7591.0	8154.0
9215.0	10073.0
1043.0	1057.0
7365.0	7890.0
2197.0	2214.0
3076.0	3103.0
10547.0	11670.0
165.0	168.0
891.0	904.0
765.0	775.0
10174.0	11228.0
786.0	797.0
401.0	408.0
11698.0	13060.0
10314.0	11397.0
3859.0	3908.0
4588.0	4650.0
5125.0	5199.0
980.0	994.0
9992.0	11015.0
265.0	269.0
7410.0	7942.0
261.0	265.0
6359.0	6692.0
5686.0	5875.0
2900.0	2926.0
4323.0	4378.0
5442.0	5587.0
3827.0	3876.0
661.0	669.0
10582.0	11710.0
8093.0	8752.0
11272.0	12560.0
3984.0	4035.0
2174.0	2191.0
9000.0	9820.0
3065.0	3092.0
6657.0	7050.0
2553.0	2577.0
7771.0	8372.0
1147.0	1163.0
3987.0	4038.0
4667.0	4733.0
11592.0	12939.0
2454.0	2477.0
8605.0	9360.0
7137.0	7622.0
3363.0	3400.0
2507.0	2530.0
681.0	689.0
6238.0	6545.0
7589.0	8152.0
6617.0	7000.0
3882.0	3931.0
2221.0	2239.0
8002.0	8639.0
6398.0	6738.0
9404.0	10293.0
10285.0	11360.0
493.0	500.0
1759.0	1773.0
11291.0	12583.0
242.0	246.0
3326.0	3360.0
192.0	195.0
3524.0	3562.0
5092.0	5166.0
584.0	590.0
11701.0	13064.0
1323.0	1333.0
3584.0	3626.0
11516.0	12847.0
8244.0	8931.0
1689.0	1701.0
9970.0	10987.0
7397.0	7923.0
6200.0	6497.0
1786.0	1800.0
2659.0	2684.0
7779.0	8382.0
5609.0	5782.0
9566.0	10487.0
7039.0	7509.0
3817.0	3866.0
6459.0	6805.0
3510.0	3548.0
11337.0	12636.0
10052.0	11092.0
8423.0	9139.0
406.0	413.0
911.0	924.0
3940.0	3991.0
378.0	385.0
4416.0	4471.0
11739.0	13102.0
2780.0	2805.0
7234.0	7739.0
9717.0	10671.0
1420.0	1430.0
3095.0	3122.0
448.0	455.0
7209.0	7712.0
6485.0	6833.0
4573.0	4634.0
9761.0	10723.0
8828.0	9613.0
422.0	429.0
6376.0	6713.0
11336.0	12634.0
771.0	782.0
4644.0	4710.0
577.0	583.0
2922.0	2948.0
11705.0	13068.0
4643.0	4709.0
7906.0	8530.0
3816.0	3865.0
10190.0	11246.0
17.0	18.0
24.0	25.0
5582.0	5751.0
10772.0	11944.0
6927.0	7374.0
559.0	565.0
526.0	532.0
8436.0	9156.0
10898.0	12097.0
9172.0	10025.0
5594.0	5764.0
3242.0	3272.0
4652.0	4718.0
3301.0	3335.0
2783.0	2808.0
4607.0	4671.0
4489.0	4547.0
2591.0	2615.0
4455.0	4512.0
1747.0	1761.0
5166.0	5247.0
2497.0	2520.0
2569.0	2593.0
4327.0	4382.0
6083.0	6354.0
5078.0	5151.0
7083.0	7563.0
6078.0	6344.0
11087.0	12332.0
9330.0	10211.0
686.0	694.0
3052.0	3078.0
620.0	627.0
391.0	398.0
2122.0	2137.0
10739.0	11898.0
4498.0	4557.0
9490.0	10394.0
9513.0	10420.0
3223.0	3253.0
5539.0	5702.0
3642.0	3686.0
1058.0	1072.0
4428.0	4484.0
7296.0	7813.0
6597.0	6977.0
2747.0	2772.0
1044.0	1058.0
5136.0	5211.0
4260.0	4315.0
1824.0	1838.0
172.0	175.0
2515.0	2538.0
4110.0	4163.0
2500.0	2523.0
8831.0	9618.0
336.0	341.0
8377.0	9085.0
5321.0	5439.0
4069.0	4121.0
1192.0	1202.0
1632.0	1641.0
3320.0	3354.0
1166.0	1182.0
7850.0	8467.0
168.0	171.0
11557.0	12900.0
8790.0	9567.0
6155.0	6443.0
2565.0	2589.0
4214.0	4269.0
3750.0	3798.0
6048.0	6307.0
2622.0	2647.0
9594.0	10520.0
3620.0	3662.0
7907.0	8531.0
5052.0	5125.0
9544.0	10459.0
4303.0	4358.0
1915.0	1930.0
9271.0	10142.0
2631.0	2656.0
5636.0	5817.0
2348.0	2369.0
8517.0	9250.0
4868.0	4936.0
5483.0	5638.0
2182.0	2199.0
5377.0	5503.0
11430.0	12748.0
3848.0	3897.0
2017.0	2033.0
8784.0	9558.0
5068.0	5141.0
9435.0	10329.0
10488.0	11605.0
3855.0	3904.0
5949.0	6189.0
4082.0	4134.0
9049.0	9876.0
4865.0	4933.0
1741.0	1755.0
10450.0	11560.0
5074.0	5147.0
3533.0	3571.0
11616.0	12968.0
3580.0	3622.0
6488.0	6837.0
2388.0	2410.0
9420.0	10314.0
362.0	368.0
4250.0	4305.0
3966.0	4017.0
2458.0	2481.0
5066.0	5139.0
11260.0	12546.0
4422.0	4477.0
6059.0	6320.0
3294.0	3328.0
8549.0	9286.0
3849.0	3898.0
7761.0	8360.0
4739.0	4808.0
5073.0	5146.0
5911.0	6148.0
5667.0	5851.0
3926.0	3976.0
8376.0	9084.0
6648.0	7038.0
11102.0	12351.0
6553.0	6916.0
8561.0	9302.0
3974.0	4025.0
10715.0	11869.0
4611.0	4676.0
2520.0	2543.0
6215.0	6520.0
5113.0	5187.0
5773.0	5982.0
5444.0	5589.0
7427.0	7963.0
1723.0	1737.0
9793.0	10766.0
2949.0	2975.0
4218.0	4273.0
413.0	420.0
10428.0	11534.0
5649.0	5831.0
589.0	595.0
7135.0	7620.0
8401.0	9115.0
3058.0	3084.0
2514.0	2537.0
2447.0	2470.0
3526.0	3564.0
698.0	706.0
10057.0	11100.0
3895.0	3944.0
101.0	104.0
2462.0	2485.0
3447.0	3486.0
11676.0	13038.0
1749.0	1763.0
2584.0	2608.0
5993.0	6245.0
6540.0	6899.0
6030.0	6287.0
4369.0	4424.0
10818.0	11996.0
5011.0	5084.0
807.0	818.0
3445.0	3484.0
10294.0	11373.0
3243.0	3273.0
10458.0	11568.0
4.0	4.0
8177.0	8859.0
7674.0	8254.0
5912.0	6149.0
3401.0	3440.0
7571.0	8131.0
7348.0	7871.0
7206.0	7708.0
10368.0	11468.0
8267.0	8955.0
3505.0	3543.0
4876.0	4944.0
1067.0	1081.0
10525.0	11647.0
3138.0	3165.0
3215.0	3245.0
6744.0	7150.0
11522.0	12854.0
6374.0	6711.0
9111.0	9954.0
4888.0	4957.0
3981.0	4032.0
7563.0	8123.0
7265.0	7779.0
179.0	182.0
7432.0	7969.0
1766.0	1780.0
279.0	283.0
2926.0	2952.0
2919.0	2945.0
7401.0	7931.0
347.0	353.0
1025.0	1039.0
243.0	247.0
4404.0	4459.0
1349.0	1359.0
7527.0	8081.0
5940.0	6179.0
3088.0	3115.0
5069.0	5142.0
3128.0	3155.0
4908.0	4977.0
10563.0	11690.0
4410.0	4465.0
10647.0	11783.0
2501.0	2524.0
7287.0	7805.0
11568.0	12912.0
10249.0	11314.0
10359.0	11459.0
9373.0	10258.0
280.0	284.0
7909.0	8533.0
8340.0	9042.0
3610.0	3652.0
9747.0	10709.0
5430.0	5571.0
1896.0	1911.0
678.0	686.0
1811.0	1825.0
3967.0	4018.0
4282.0	4337.0
11627.0	12983.0
5991.0	6243.0
10852.0	12038.0
2001.0	2017.0
1126.0	1142.0
8219.0	8903.0
10646.0	11782.0
385.0	392.0
3846.0	3895.0
2109.0	2124.0
9360.0	10244.0
7587.0	8150.0
2669.0	2694.0
2702.0	2727.0
5637.0	5818.0
5770.0	5978.0
9123.0	9966.0
6404.0	6745.0
10125.0	11176.0
8627.0	9384.0
2860.0	2885.0
3260.0	3295.0
1972.0	1987.0
1315.0	1325.0
5601.0	5772.0
10861.0	12050.0
4035.0	4087.0
92.0	95.0
4187.0	4242.0
289.0	293.0
4183.0	4238.0
4723.0	4791.0
9002.0	9822.0
811.0	822.0
7.0	7.0
870.0	882.0
3421.0	3460.0
6415.0	6755.0
2037.0	2053.0
3011.0	3037.0
5990.0	6242.0
2172.0	2189.0
8254.0	8941.0
788.0	799.0
4903.0	4972.0
405.0	412.0
7409.0	7941.0
8540.0	9275.0
3418.0	3457.0
189.0	192.0
4291.0	4346.0
545.0	551.0
10026.0	11056.0
10367.0	11467.0
10217.0	11277.0
2839.0	2865.0
7312.0	7832.0
9879.0	10867.0
7685.0	8265.0
2027.0	2043.0
10649.0	11786.0
3175.0	3202.0
11146.0	12405.0
3396.0	3435.0
3508.0	3546.0
5572.0	5741.0
1768.0	1782.0
7675.0	8255.0
3229.0	3259.0
4612.0	4677.0
9758.0	10720.0
11774.0	13139.0
291.0	295.0
9110.0	9953.0
7138.0	7623.0
3374.0	3411.0
83.0	86.0
7925.0	8549.0
8826.0	9611.0
6809.0	7223.0
9431.0	10325.0
546.0	552.0
7596.0	8162.0
11065.0	12304.0
10553.0	11678.0
4470.0	4528.0
5448.0	5596.0
2246.0	2265.0
5319.0	5435.0
6990.0	7453.0
6055.0	6315.0
6637.0	7026.0
1981.0	1996.0
3763.0	3811.0
2978.0	3004.0
8619.0	9376.0
3844.0	3893.0
7134.0	7618.0
9658.0	10595.0
2777.0	2802.0
3558.0	3598.0
6696.0	7094.0
6542.0	6901.0
10654.0	11793.0
10505.0	11626.0
7538.0	8096.0
2641.0	2666.0
4316.0	4371.0
8951.0	9762.0
5206.0	5291.0
10442.0	11551.0
3193.0	3221.0
1235.0	1244.0
3616.0	3658.0
7286.0	7804.0
1217.0	1226.0
10085.0	11129.0
9235.0	10098.0
6883.0	7319.0
4216.0	4271.0
3796.0	3845.0
4425.0	4481.0
11782.0	13148.0
6529.0	6885.0
3513.0	3551.0
10900.0	12099.0
8697.0	9460.0
9285.0	10157.0
10248.0	11312.0
7926.0	8551.0
1229.0	1238.0
4710.0	4778.0
8595.0	9347.0
5472.0	5626.0
677.0	685.0
2090.0	2105.0
6781.0	7187.0
11442.0	12762.0
8142.0	8812.0
5391.0	5520.0
575.0	581.0
2307.0	2326.0
2485.0	2508.0
1889.0	1903.0
131.0	134.0
2480.0	2503.0
3056.0	3082.0
314.0	318.0
7502.0	8052.0
1957.0	1972.0
7547.0	8105.0
7831.0	8446.0
3240.0	3270.0
816.0	828.0
670.0	678.0
3197.0	3225.0
9289.0	10163.0
1119.0	1135.0
515.0	522.0
7113.0	7596.0
11223.0	12500.0
8910.0	9718.0
11132.0	12388.0
4391.0	4446.0
7040.0	7510.0
1014.0	1028.0
2294.0	2313.0
3866.0	3915.0
3452.0	3491.0
8104.0	8769.0
805.0	816.0
9927.0	10931.0
3681.0	3726.0
622.0	629.0
10405.0	11507.0
3064.0	3090.0
522.0	528.0
10575.0	11701.0
2975.0	3001.0
7175.0	7665.0
1171.0	1187.0
10528.0	11650.0
6642.0	7031.0
5614.0	5787.0
5007.0	5080.0
10132.0	11183.0
4450.0	4507.0
6666.0	7061.0
301.0	305.0
7063.0	7536.0
9986.0	11007.0
2072.0	2088.0
9427.0	10321.0
4381.0	4436.0
5766.0	5972.0
2364.0	2386.0
5122.0	5196.0
1659.0	1670.0
3596.0	3638.0
1987.0	2002.0
2119.0	2134.0
458.0	465.0
5264.0	5358.0
5151.0	5228.0
1092.0	1108.0
9874.0	10863.0
329.0	334.0
3078.0	3105.0
6601.0	6981.0
4104.0	4157.0
1161.0	1177.0
11341.0	12640.0
5434.0	5575.0
1296.0	1306.0
8883.0	9687.0
2006.0	2022.0
8615.0	9371.0
10813.0	11991.0
140.0	143.0
4059.0	4111.0
8228.0	8914.0
3307.0	3341.0
5263.0	5357.0
8234.0	8920.0
4485.0	4543.0
8261.0	8948.0
2605.0	2629.0
6780.0	7186.0
9273.0	10144.0
10965.0	12176.0
2284.0	2303.0
9068.0	9898.0
7609.0	8175.0
4823.0	4892.0
4021.0	4073.0
7084.0	7564.0
9150.0	9997.0
100.0	103.0
766.0	776.0
7278.0	7793.0
8904.0	9712.0
10689.0	11837.0
696.0	704.0
1622.0	1632.0
11218.0	12493.0
613.0	619.0
4975.0	5046.0
3756.0	3804.0
5648.0	5830.0
8714.0	9478.0
6936.0	7389.0
11119.0	12373.0
5512.0	5674.0
349.0	355.0
9997.0	11023.0
10115.0	11165.0
1805.0	1819.0
2219.0	2237.0
1245.0	1254.0
6046.0	6304.0
2827.0	2852.0
9252.0	10119.0
8399.0	9113.0
3070.0	3097.0
1254.0	1263.0
2955.0	2981.0
4561.0	4622.0
11015.0	12240.0
5456.0	5606.0
10328.0	11417.0
5647.0	5827.0
10554.0	11679.0
10470.0	11583.0
2493.0	2516.0
1262.0	1271.0
2828.0	2853.0
2516.0	2539.0
7707.0	8293.0
742.0	752.0
6139.0	6425.0
2811.0	2836.0
11788.0	13156.0
2640.0	2665.0
1039.0	1053.0
69.0	72.0
10318.0	11401.0
3142.0	3169.0
7869.0	8484.0
1633.0	1642.0
7730.0	8324.0
1303.0	1313.0
6801.0	7210.0
6035.0	6292.0
11763.0	13128.0
4298.0	4353.0
214.0	218.0
5959.0	6200.0
11647.0	13006.0
304.0	308.0
2425.0	2448.0
10123.0	11174.0
1041.0	1055.0
1003.0	1017.0
7141.0	7627.0
6844.0	7271.0
2951.0	2977.0
11362.0	12664.0
688.0	696.0
10773.0	11946.0
11663.0	13023.0
9119.0	9962.0
10284.0	11359.0
3770.0	3818.0
4718.0	4786.0
9477.0	10380.0
10353.0	11451.0
10997.0	12212.0
10411.0	11513.0
3860.0	3909.0
6756.0	7164.0
7423.0	7957.0
10384.0	11484.0
1918.0	1933.0
4128.0	4182.0
10373.0	11473.0
4757.0	4825.0
6455.0	6800.0
7422.0	7956.0
10167.0	11221.0
986.0	1000.0
319.0	323.0
907.0	920.0
4554.0	4615.0
54.0	57.0
6185.0	6478.0
8079.0	8737.0
373.0	380.0
6662.0	7055.0
1163.0	1179.0
7257.0	7769.0
3322.0	3356.0
8591.0	9343.0
9437.0	10331.0
9189.0	10044.0
7847.0	8464.0
5140.0	5215.0
1954.0	1969.0
10526.0	11648.0
5495.0	5653.0
9233.0	10095.0
4850.0	4918.0
2163.0	2180.0
1905.0	1920.0
9383.0	10269.0
4567.0	4628.0
4552.0	4613.0
5389.0	5516.0
8153.0	8825.0
10501.0	11621.0
6276.0	6592.0
3512.0	3550.0
4794.0	4863.0
3540.0	3579.0
5015.0	5088.0
10243.0	11306.0
1489.0	1499.0
11319.0	12617.0
404.0	411.0
9131.0	9976.0
59.0	62.0
2572.0	2596.0
11058.0	12295.0
3316.0	3350.0
7559.0	8119.0
2796.0	2821.0
2748.0	2773.0
5248.0	5340.0
6576.0	6950.0
397.0	404.0
2506.0	2529.0
9951.0	10962.0
10999.0	12215.0
3997.0	4048.0
4521.0	4580.0
11200.0	12470.0
6089.0	6361.0
3851.0	3900.0
10491.0	11610.0
3785.0	3834.0
867.0	879.0
4324.0	4379.0
1278.0	1288.0
181.0	184.0
1753.0	1767.0
10533.0	11655.0
4262.0	4317.0
7125.0	7609.0
9227.0	10087.0
6419.0	6759.0
6264.0	6578.0
11802.0	13172.0
11318.0	12616.0
9682.0	10628.0
1491.0	1501.0
2814.0	2839.0
9090.0	9928.0
8882.0	9685.0
4852.0	4920.0
8347.0	9049.0
5538.0	5701.0
4379.0	4434.0
2831.0	2856.0
5148.0	5225.0
2326.0	2346.0
10694.0	11843.0
1210.0	1219.0
7379.0	7905.0
4235.0	4290.0
4447.0	4504.0
5616.0	5789.0
3985.0	4036.0
1676.0	1687.0
5259.0	5353.0
9469.0	10373.0
7105.0	7588.0
2723.0	2748.0
2885.0	2910.0
2308.0	2327.0
5733.0	5932.0
7848.0	8465.0
606.0	612.0
4348.0	4403.0
1679.0	1691.0
6559.0	6925.0
9162.0	10011.0
1137.0	1153.0
11001.0	12217.0
7448.0	7987.0
3775.0	3824.0
1424.0	1434.0
8534.0	9269.0
11604.0	12953.0
412.0	419.0
4493.0	4551.0
8160.0	8836.0
2740.0	2765.0
6401.0	6742.0
6345.0	6675.0
392.0	399.0
9712.0	10664.0
1682.0	1694.0
3748.0	3796.0
10441.0	11549.0
4027.0	4079.0
2644.0	2669.0
3821.0	3870.0
10633.0	11769.0
1717.0	1731.0
10121.0	11172.0
9284.0	10156.0
2169.0	2186.0
884.0	896.0
11386.0	12696.0
8893.0	9699.0
8148.0	8819.0
676.0	684.0
3219.0	3249.0
2009.0	2025.0
5577.0	5746.0
8243.0	8930.0
10996.0	12211.0
3819.0	3868.0
10735.0	11893.0
6836.0	7256.0
1772.0	1786.0
4476.0	4534.0
5075.0	5148.0
3067.0	3094.0
4294.0	4349.0
2521.0	2544.0
10670.0	11813.0
10178.0	11232.0
5604.0	5776.0
2394.0	2417.0
8979.0	9795.0
11389.0	12701.0
10199.0	11257.0
7004.0	7468.0
7204.0	7706.0
3425.0	3464.0
8230.0	8916.0
7408.0	7940.0
699.0	707.0
10020.0	11049.0
4557.0	4618.0
4727.0	4795.0
10611.0	11743.0
1469.0	1480.0
5215.0	5301.0
2867.0	2892.0
5497.0	5655.0
466.0	473.0
4928.0	4997.0
6923.0	7368.0
10257.0	11323.0
2793.0	2818.0
6984.0	7448.0
815.0	827.0
1629.0	1638.0
3129.0	3156.0
7057.0	7528.0
4686.0	4754.0
1052.0	1066.0
8338.0	9040.0
11171.0	12431.0
2096.0	2111.0
8102.0	8767.0
1144.0	1160.0
9945.0	10951.0
2749.0	2774.0
7052.0	7523.0
2758.0	2783.0
6684.0	7082.0
10777.0	11950.0
7262.0	7775.0
3083.0	3110.0
10474.0	11587.0
9710.0	10662.0
7673.0	8252.0
10552.0	11677.0
3357.0	3394.0
4339.0	4394.0
9573.0	10496.0
8738.0	9505.0
8425.0	9141.0
7573.0	8133.0
11130.0	12386.0
2523.0	2546.0
6935.0	7388.0
1034.0	1048.0
3082.0	3109.0
1998.0	2014.0
8103.0	8768.0
9021.0	9842.0
5714.0	5908.0
4437.0	4493.0
5737.0	5936.0
7181.0	7674.0
1621.0	1631.0
6050.0	6310.0
11328.0	12627.0
6758.0	7166.0
4125.0	4179.0
7724.0	8314.0
9938.0	10943.0
6626.0	7009.0
2287.0	2306.0
6885.0	7321.0
9909.0	10907.0
1862.0	1877.0
2726.0	2751.0
8346.0	9048.0
9222.0	10082.0
1382.0	1392.0
429.0	436.0
8149.0	8820.0
1401.0	1411.0
11640.0	12998.0
3711.0	3757.0
6569.0	6939.0
2971.0	2997.0
3774.0	3823.0
9703.0	10655.0
4598.0	4660.0
335.0	340.0
3012.0	3038.0
11400.0	12712.0
10255.0	11321.0
10063.0	11106.0
2580.0	2604.0
1748.0	1762.0
10579.0	11706.0
10124.0	11175.0
3764.0	3812.0
632.0	640.0
8641.0	9398.0
2167.0	2184.0
6505.0	6859.0
11636.0	12994.0
3433.0	3472.0
650.0	658.0
1938.0	1953.0
6372.0	6708.0
202.0	205.0
3813.0	3862.0
11535.0	12870.0
10606.0	11737.0
1649.0	1660.0
7772.0	8374.0
390.0	397.0
5225.0	5314.0
11191.0	12457.0
3391.0	3430.0
10924.0	12131.0
841.0	853.0
2381.0	2403.0
8441.0	9161.0
11166.0	12424.0
5200.0	5284.0
10889.0	12086.0
4637.0	4703.0
2642.0	2667.0
5356.0	5481.0
321.0	325.0
2534.0	2558.0
1472.0	1483.0
4897.0	4966.0
3636.0	3680.0
7130.0	7614.0
247.0	251.0
7960.0	8594.0
2340.0	2361.0
11184.0	12449.0
11258.0	12544.0
5571.0	5739.0
6806.0	7217.0
1813.0	1827.0
2797.0	2822.0
3378.0	3416.0
299.0	303.0
8362.0	9068.0
9899.0	10892.0
10801.0	11975.0
905.0	918.0
7971.0	8604.0
8430.0	9147.0
3828.0	3877.0
1989.0	2004.0
6789.0	7197.0
6919.0	7364.0
1815.0	1829.0
4899.0	4968.0
9775.0	10745.0
8588.0	9338.0
3754.0	3802.0
2030.0	2046.0
10524.0	11646.0
11585.0	12930.0
2334.0	2355.0
8400.0	9114.0
7064.0	7537.0
4037.0	4089.0
11597.0	12945.0
3951.0	4002.0
9191.0	10046.0
6234.0	6541.0
936.0	950.0
2365.0	2387.0
1248.0	1257.0
8385.0	9095.0
9329.0	10209.0
10680.0	11824.0
1138.0	1154.0
4889.0	4958.0
10374.0	11474.0
7385.0	7911.0
1703.0	1717.0
3535.0	3573.0
2401.0	2424.0
2199.0	2216.0
9116.0	9959.0
6887.0	7325.0
3239.0	3269.0
7789.0	8393.0
11009.0	12233.0
3008.0	3034.0
5772.0	5980.0
878.0	890.0
3757.0	3805.0
9027.0	9849.0
3446.0	3485.0
4670.0	4736.0
4885.0	4954.0
5432.0	5573.0
206.0	210.0
6890.0	7328.0
239.0	243.0
5508.0	5668.0
3395.0	3434.0
6320.0	6646.0
5463.0	5614.0
87.0	90.0
11374.0	12682.0
11488.0	12813.0
11451.0	12772.0
4927.0	4996.0
1173.0	1189.0
9661.0	10598.0
1497.0	1507.0
10867.0	12056.0
8546.0	9282.0
5814.0	6033.0
8421.0	9136.0
4246.0	4301.0
395.0	402.0
5682.0	5868.0
6824.0	7240.0
2149.0	2165.0
10236.0	11298.0
1148.0	1164.0
8014.0	8654.0
9511.0	10418.0
11236.0	12515.0
9910.0	10908.0
4602.0	4664.0
7279.0	7795.0
2543.0	2567.0
8065.0	8722.0
5012.0	5085.0
8929.0	9739.0
4506.0	4565.0
5642.0	5823.0
5140.0	5215.0
6025.0	6283.0
2709.0	2734.0
7670.0	8249.0
9083.0	9919.0
7987.0	8622.0
9312.0	10188.0
4487.0	4545.0
432.0	439.0
6721.0	7126.0
1935.0	1950.0
7001.0	7464.0
1295.0	1305.0
8049.0	8703.0
11418.0	12735.0
9340.0	10221.0
6262.0	6576.0
3055.0	3081.0
7479.0	8026.0
2382.0	2404.0
634.0	642.0
452.0	459.0
8489.0	9216.0
6123.0	6407.0
7743.0	8339.0
4949.0	5018.0
6369.0	6702.0
1038.0	1052.0
10326.0	11414.0
4776.0	4844.0
3667.0	3711.0
7580.0	8142.0
8990.0	9809.0
8125.0	8793.0
7027.0	7495.0
6716.0	7120.0
10913.0	12116.0
6956.0	7413.0
6775.0	7181.0
2708.0	2733.0
10024.0	11054.0
3336.0	3371.0
9434.0	10328.0
1829.0	1844.0
4835.0	4903.0
913.0	926.0
3268.0	3303.0
7198.0	7697.0
9474.0	10378.0
9746.0	10707.0
9639.0	10573.0
7060.0	7532.0
10032.0	11070.0
1521.0	1531.0
6969.0	7431.0
8699.0	9462.0
1878.0	1893.0
8482.0	9208.0
256.0	260.0
6512.0	6868.0
2347.0	2368.0
6561.0	6928.0
5494.0	5652.0
10958.0	12167.0
4095.0	4148.0
7402.0	7932.0
6454.0	6799.0
5955.0	6195.0
3436.0	3475.0
8394.0	9106.0
2416.0	2439.0
1559.0	1569.0
6867.0	7302.0
5428.0	5568.0
31.0	33.0
10845.0	12030.0
1546.0	1556.0
9981.0	11000.0
918.0	931.0
6939.0	7393.0
8465.0	9188.0
3557.0	3597.0
833.0	845.0
8185.0	8867.0
4859.0	4927.0
6766.0	7173.0
3522.0	3560.0
3646.0	3690.0
5268.0	5362.0
9310.0	10186.0
2715.0	2740.0
9053.0	9883.0
9370.0	10255.0
7974.0	8608.0
6109.0	6388.0
6086.0	6359.0
3347.0	3382.0
7753.0	8352.0
11375.0	12683.0
5798.0	6013.0
2787.0	2812.0
10877.0	12071.0
1429.0	1439.0
1587.0	1596.0
8787.0	9563.0
11501.0	12831.0
9961.0	10976.0
7550.0	8108.0
9352.0	10234.0
5907.0	6142.0
8949.0	9760.0
465.0	472.0
2045.0	2061.0
3577.0	3619.0
1503.0	1513.0
6991.0	7455.0
10598.0	11729.0
1509.0	1519.0
199.0	202.0
8705.0	9468.0
9889.0	10880.0
1670.0	1681.0
9408.0	10298.0
4191.0	4246.0
10363.0	11463.0
10831.0	12013.0
6389.0	6729.0
454.0	461.0
6868.0	7303.0
4209.0	4264.0
8510.0	9240.0
1541.0	1551.0
6289.0	6608.0
6029.0	6286.0
1605.0	1614.0
6005.0	6261.0
5123.0	5197.0
9039.0	9864.0
5621.0	5798.0
5026.0	5099.0
9398.0	10286.0
5298.0	5409.0
2592.0	2616.0
1735.0	1749.0
3127.0	3154.0
8449.0	9170.0
10345.0	11437.0
10803.0	11977.0
3917.0	3967.0
8477.0	9203.0
6897.0	7336.0
892.0	905.0
